<?xml version="1.0" encoding="utf-8"?>
<hibernate-mapping assembly="ConstroSoft" namespace="ConstroSoft" xmlns="urn:nhibernate-mapping-2.2">
  <class name="PdcBook" table="PDC_BOOK" lazy="true" >
    <id name="Id" type="Int64">
      <column name="ID" not-null="true" precision="19" scale="0" sql-type="BIGINT" />
      <generator class="identity" />
    </id>
    <property name="Description">
      <column name="DESCRIPTION" sql-type="NVARCHAR(255)" not-null="false" />
    </property>
    <one-to-one name="CustomerIn" property-ref="PdcInBook"/>
    <one-to-one name="CustomerOut" property-ref="PdcOutBook"/>
    <one-to-one name="FirmIn" property-ref="PdcInBook"/>
    <one-to-one name="FirmOut" property-ref="PdcOutBook"/>
    <one-to-one name="AgencyIn" property-ref="PdcInBook"/>
    <one-to-one name="AgencyOut" property-ref="PdcOutBook"/>
    <set name="PostDatedChequesFrom" inverse="true" generic="true" >
      <key column="PDC_FROM" />
      <one-to-many class="PostDatedCheque" />
    </set>
    <set name="PostDatedChequesTo" inverse="true" generic="true" >
      <key column="PDC_TO" />
      <one-to-many class="PostDatedCheque" />
    </set>
  </class>
</hibernate-mapping>