<?xml version="1.0" encoding="utf-8"?>
<hibernate-mapping assembly="ConstroSoft" namespace="ConstroSoft" xmlns="urn:nhibernate-mapping-2.2">
  <class name="PdcBook" table="PDC_BOOK" lazy="true" >
    <id name="Id" type="Int64">
      <column name="ID" not-null="true" precision="19" scale="0" sql-type="BIGINT" />
      <generator class="identity" />
    </id>
    <property name="Description">
      <column name="DESCRIPTION" sql-type="NVARCHAR(255)" not-null="false" />
    </property>
    <set name="CustomerIn" inverse="true" generic="true" >
      <key column="PDC_IN_BOOK" />
      <one-to-many class="Customer" />
    </set>
    <set name="CustomerOut" inverse="true" generic="true" >
      <key column="PDC_OUT_BOOK" />
      <one-to-many class="Customer" />
    </set>
    <set name="FirmIn" inverse="true" generic="true" >
      <key column="PDC_IN_BOOK" />
      <one-to-many class="Firm" />
    </set>
    <set name="FirmOut" inverse="true" generic="true" >
      <key column="PDC_OUT_BOOK" />
      <one-to-many class="Firm" />
    </set>
    <set name="PostDatedCheques" inverse="true" generic="true" >
      <key column="PDC_BOOK" />
      <one-to-many class="PrPostDatedCheque" />
    </set>
  </class>
</hibernate-mapping>