﻿<?xml version="1.0" encoding="utf-8"?>
<hibernate-mapping assembly="ConstroSoft" namespace="ConstroSoft" xmlns="urn:nhibernate-mapping-2.2">
  <class name="SupplierItem" table="SUPPLIER_ITEMS" >
    <id name="Id" type="Int64">
      <column name="ID" not-null="true" precision="19" scale="0" sql-type="BIGINT" />
      <generator class="identity" />
    </id>
    <property name="ContactPersonName" type="String">
      <column name="CONTACT_PERSON_NAME" not-null="true" length="100" sql-type="NVARCHAR(100)" />
    </property>
    <property name="ContactPersonPhone" type="String">
      <column name="CONTACT_PERSON_PHONE" not-null="true" length="15" sql-type="NVARCHAR(15)" />
    </property>
    <property name="ContactPersonEmail" type="String">
      <column name="CONTACT_PERSON_EMAIL" not-null="false" length="100" sql-type="NVARCHAR(100)" />
    </property>
    <many-to-one name="TypeId" class="MasterControlData">
      <column name="TYPE_ID" not-null="false" precision="19" scale="0" sql-type="BIGINT" />
    </many-to-one>
    <many-to-one name="Quality" class="MasterControlData">
      <column name="QUALITY" not-null="false" precision="19" scale="0" sql-type="BIGINT" />
    </many-to-one>
    <many-to-one name="Supplier" class="Supplier">
      <column name="SUPPLIER_ID" not-null="true" precision="19" scale="0" sql-type="BIGINT" />
    </many-to-one>
  </class>
</hibernate-mapping>
