﻿<?xml version="1.0" encoding="utf-8"?>
<hibernate-mapping assembly="ConstroSoft" namespace="ConstroSoft" xmlns="urn:nhibernate-mapping-2.2">
  <class name="BankAllocation" table="BANKALLOCATION" >
    <id name="Id" type="Int64">
      <column name="ID" not-null="true" precision="19" scale="0" sql-type="BIGINT" />
      <generator class="identity" />
    </id>
    <version name="Version" column="VERSION" type="Int64"/>
    <property name="BDate" type="DateTime">
      <column name="BDATE" not-null="true" sql-type="DATE" />
    </property>
    <property name="InstrumentDate" type="DateTime">
      <column name="INSTRUMENTDATE" not-null="true" sql-type="DATE" />
    </property>
    <property name="Name" type="String">
      <column name="NAME" not-null="true" length="100" sql-type="NVARCHAR(100)" />
    </property>
    <property name="TransactionType" type="String">
      <column name="TRANSACTIONTYPE" not-null="false" length="100" sql-type="NVARCHAR(100)" />
    </property>
    <property name="BankName" type="String">
      <column name="BANKNAME" not-null="false" length="100" sql-type="NVARCHAR(100)" />
    </property>
    <property name="BankBranchName" type="String">
      <column name="BANKBRANCHNAME" not-null="false" length="100" sql-type="NVARCHAR(100)" />
    </property>
    <property name="PaymentFavouring" type="String">
      <column name="PAYMENTFAVOURING" not-null="false" length="100" sql-type="NVARCHAR(100)" />
    </property>
    <property name="ChequeCrossComment" type="String">
      <column name="CHEQUECROSSCOMMENT" not-null="false" length="100" sql-type="NVARCHAR(100)" />
    </property>
    <property name="InstrumentNumber" type="String">
      <column name="INSTRUMENTNUMBER" not-null="false" length="100" sql-type="NVARCHAR(100)" />
    </property>
    <property name="UniqueReferenceNumber" type="String">
      <column name="UNIQUEREFERENCENUMBER" not-null="false" length="100" sql-type="NVARCHAR(100)" />
    </property>
    <property name="Status" type="String">
      <column name="STATUS" not-null="false" length="10" sql-type="NVARCHAR(10)" />
    </property>
    <property name="PaymentMode" type="String">
      <column name="PAYMENTMODE" not-null="false" length="50" sql-type="NVARCHAR(50)" />
    </property>
    <property name="BankPartyName" type="String">
      <column name="BANKPARTYNAME" not-null="false" length="100" sql-type="NVARCHAR(100)" />
    </property>
    <property name="IsConnectedPayment" type="String">
      <column name="ISCONNECTEDPAYMENT" not-null="false" length="10" sql-type="NVARCHAR(10)" />
    </property>
    <property name="IsSplit" type="String">
      <column name="ISSPLIT" not-null="false" length="10" sql-type="NVARCHAR(10)" />
    </property>
    <property name="ChequePrinted" type="String">
      <column name="CHEQUEPRINTED" not-null="false" length="10" sql-type="NVARCHAR(10)" />
    </property>
    <property name="IsContractUsed" type="String">
      <column name="ISCONTRACTUSED" not-null="false" length="10" sql-type="NVARCHAR(10)" />
    </property>
    <property name="Amount" type="Decimal">
      <column name="AMOUNT" not-null="true" precision="18" scale="2" sql-type="NUMERIC(18,2)" />
    </property>
    <property name="FirmNumber" type="String">
      <column name="FIRM_NUMBER" not-null="true" length="10" sql-type="NVARCHAR(10)" />
    </property>
    <property name="InsertDate" type="DateTime">
      <column name="INSERT_DATE" default="getdate()" not-null="true" sql-type="DATETIME" />
    </property>
    <property name="UpdateDate" type="DateTime">
      <column name="UPDATE_DATE" default="getdate()" not-null="true" sql-type="DATETIME" />
    </property>
    <property name="InsertUser" type="String">
      <column name="INSERT_USER" not-null="true" length="100" sql-type="NVARCHAR(100)" />
    </property>
    <property name="UpdateUser" type="String">
      <column name="UPDATE_USER" not-null="true" length="100" sql-type="NVARCHAR(100)" />
    </property>
    <many-to-one name="PaymentLedger" class="PaymentLedger">
      <column name="PYMT_LEDGER_ID" not-null="true" precision="19" scale="0" sql-type="BIGINT" />
    </many-to-one>
  </class>
</hibernate-mapping>
