﻿<?xml version="1.0" encoding="utf-8"?>
<hibernate-mapping assembly="ConstroSoft" namespace="ConstroSoft" xmlns="urn:nhibernate-mapping-2.2">
  <class name="DemandLetterHistory" table="DEMAND_LETTER_HISTORY" >
    <id name="Id" type="Int64">
      <column name="ID" not-null="true" precision="19" scale="0" sql-type="BIGINT" />
      <generator class="identity" />
    </id>
    <version name="Version" column="VERSION" type="Int64"/>
    <property name="UploadDate" type="DateTime">
      <column name="UPLOAD_DATE" not-null="true" sql-type="DATE" />
    </property>
    <property name="DeliveryDate" type="DateTime">
      <column name="DELIVERY_DATE" not-null="true" sql-type="DATE" />
    </property>
    <property name="FileName" type="String">
      <column name="FILE_NAME" not-null="false" length="100" sql-type="NVARCHAR(100)" unique="true" />
    </property>
    <property name="DocumentPath" type="String">
      <column name="DOC_PATH" not-null="false" length="300" sql-type="NVARCHAR(300)" unique="true" />
    </property>
    <property name="FirmNumber" type="String">
      <column name="FIRM_NUMBER" not-null="true" length="10" sql-type="NVARCHAR(10)" />
    </property>
    <property name="InsertDate" type="DateTime">
      <column name="INSERT_DATE" default="getdate()" not-null="true" sql-type="DATETIME" />
    </property>
    <property name="UpdateDate" type="DateTime">
      <column name="UPDATE_DATE" default="getdate()" not-null="true" sql-type="DATETIME" />
    </property>
    <property name="InsertUser" type="String">
      <column name="INSERT_USER" not-null="true" length="100" sql-type="NVARCHAR(100)" />
    </property>
    <property name="UpdateUser" type="String">
      <column name="UPDATE_USER" not-null="true" length="100" sql-type="NVARCHAR(100)" />
    </property>
    <many-to-one name="UploadBy" class="FirmMember">
      <column name="UPLOAD_BY" not-null="true" precision="19" scale="0" sql-type="BIGINT" />
    </many-to-one>
    <many-to-one name="PrUnitSaleDetail" class="PrUnitSaleDetail" >
      <column name="PR_UNIT_SALE_ID" not-null="true" precision="19" scale="0" sql-type="BIGINT" />
    </many-to-one>
    <many-to-one name="Stage" class="PropertySchedule">
      <column name="STAGE_ID" not-null="true" precision="19" scale="0" sql-type="BIGINT" />
    </many-to-one>
  </class>
</hibernate-mapping>
