﻿<?xml version="1.0" encoding="utf-8"?>
<hibernate-mapping assembly="ConstroSoft" namespace="ConstroSoft" xmlns="urn:nhibernate-mapping-2.2">
  <class name="CallHistory" table="CALL_HISTORY" >
    <id name="Id" type="Int64">
      <column name="ID" not-null="true" precision="19" scale="0" sql-type="BIGINT" />
      <generator class="identity" />
    </id>
    <version name="Version" column="VERSION" type="Int64"/>
	<property name="CallSid" type="String">
	  <column name="CALL_SID" not-null="true" length="255" sql-type="NVARCHAR(255)" />
	</property>
	<property name="Direction" type="CallDirectionStringType">
      <column name="DIRECTION" length="1" sql-type="NVARCHAR(1)" />
   	 </property>
	 <property name="CallerNumber" type="String">
      <column name="CALLER_NUMBER" not-null="true" length="20" sql-type="NVARCHAR(20)" />
     </property>
     <property name="CalleeNumber" type="String">
      <column name="CALLEE_NUMBER" not-null="true" length="20" sql-type="NVARCHAR(20)" />
     </property>
     <property name="AnsweredBy" type="String">
      <column name="ANSWERED_BY" not-null="false" length="20" sql-type="NVARCHAR(20)" />
   	 </property>
     <property name="ForwardedFrom" type="String">
      <column name="FORWARDED_FROM" not-null="false" length="255" sql-type="NVARCHAR(255)" />
     </property>
    <property name="ParentCallSid" type="String">
      <column name="PARENT_CALL_SID" not-null="false" length="255" sql-type="NVARCHAR(255)" />
    </property>
   	<property name="AccountSid" type="String">
      <column name="ACCOUNT_SID" not-null="true" length="100" sql-type="NVARCHAR(100)" />
    </property>
    <property name="PhoneNumberSid" type="String">
      <column name="PHONE_NUMBER_SID" not-null="true" length="20" sql-type="NVARCHAR(20)" />
    </property>
    <property name="CallStatus" type="CallStatusStringType">
      <column name="CALL_STATUS" not-null="true" length="1" sql-type="NVARCHAR(1)" />
   	 </property>
     <property name="CallHistoryStatus" type="CallHistoryStatusStringType">
      <column name="STATUS" not-null="true" length="1" sql-type="NVARCHAR(1)" />
   	 </property>
   	 <property name="StartTime" type="DateTime">
      <column name="START_TIME" default="getdate()" not-null="true" sql-type="DATETIME" />
     </property>
    <property name="EndTime" type="DateTime">
      <column name="END_TIME" default="getdate()" not-null="false" sql-type="DATETIME" />
    </property>
    <property name="Duration" type="Int64">
      <column name="DURATION"  precision="19" scale="0" sql-type="BIGINT"/>
    </property>
    <property name="Price" type="Decimal">
      <column name="PRICE" not-null="false" precision="18" scale="2" sql-type="NUMERIC(18,2)" />
    </property>
    <property name="CallerName" type="String">
      <column name="CALLER_NAME" not-null="false" length="255" sql-type="255" />
    </property>
    <property name="Uri" type="String">
      <column name="URI" not-null="false" length="255" sql-type="255" />
    </property>
    <property name="RecordingUrl" type="String">
      <column name="RECORDING_URL" not-null="false" length="255" sql-type="255" />
    </property>
    <property name="RecordingFile" type="Byte[]">
      <column name="RECORDING_FILE" not-null="false" length="2147483647" sql-type="VARBINARY(MAX)" />
    </property>
    <property name="DateCreated" type="DateTime">
      <column name="DATE_CREATED" default="getdate()" not-null="true" sql-type="DATETIME" />
    </property>
    <property name="DateUpdated" type="DateTime">
      <column name="DATE_UPDATED" default="getdate()" not-null="false" sql-type="DATETIME" />
    </property>
    <many-to-one name="FirmMember" class="FirmMember">
      <column name="FIRM_MEMBER_ID" not-null="true" precision="19" scale="0" sql-type="BIGINT" />
    </many-to-one>
    <many-to-one name="PrUnitSaleDetail" class="PrUnitSaleDetail">
      <column name="PR_UNIT_SALE_DETAIL_ID" not-null="false" precision="19" scale="0" sql-type="BIGINT" />
    </many-to-one>
    <property name="FirmNumber" type="String">
      <column name="FIRM_NUMBER" not-null="true" length="10" sql-type="NVARCHAR(10)" />
    </property>
    <property name="InsertDate" type="DateTime">
      <column name="INSERT_DATE" default="getdate()" not-null="true" sql-type="DATETIME" />
    </property>
    <property name="UpdateDate" type="DateTime">
      <column name="UPDATE_DATE" default="getdate()" not-null="true" sql-type="DATETIME" />
    </property>
    <property name="InsertUser" type="String">
      <column name="INSERT_USER" not-null="true" length="100" sql-type="NVARCHAR(100)" />
    </property>
    <property name="UpdateUser" type="String">
      <column name="UPDATE_USER" not-null="true" length="100" sql-type="NVARCHAR(100)" />
    </property>
   </class>
</hibernate-mapping>
