﻿<?xml version="1.0" encoding="utf-8"?>
<hibernate-mapping assembly="ConstroSoft" namespace="ConstroSoft" xmlns="urn:nhibernate-mapping-2.2">
  <class name="VirtualPhone" table="VIRTUAL_PHONE" >
    <id name="Id" type="Int64">
      <column name="ID" not-null="true" precision="19" scale="0" sql-type="BIGINT" />
      <generator class="identity" />
    </id>
    <version name="Version" column="VERSION" type="Int64"/>
    <property name="PhoneNumber" type="String">
      <column name="PHONE_NUMBER" not-null="true" length="20" sql-type="NVARCHAR(20)" />
    </property>
    <property name="PhoneType" type="PhoneTypeStringType">
      <column name="PHONE_TYPE" not-null="true" length="1" sql-type="NVARCHAR(1)" />
    </property>
    <property name="FirmNumber" type="String">
      <column name="FIRM_NUMBER" not-null="true" length="10" sql-type="NVARCHAR(10)" />
    </property>
    <property name="InsertDate" type="DateTime">
      <column name="INSERT_DATE" default="getdate()" not-null="true" sql-type="DATETIME" />
    </property>
    <property name="UpdateDate" type="DateTime">
      <column name="UPDATE_DATE" default="getdate()" not-null="true" sql-type="DATETIME" />
    </property>
    <property name="InsertUser" type="String">
      <column name="INSERT_USER" not-null="true" length="100" sql-type="NVARCHAR(100)" />
    </property>
    <property name="UpdateUser" type="String">
      <column name="UPDATE_USER" not-null="true" length="100" sql-type="NVARCHAR(100)" />
    </property>
    <many-to-one name="Property" class="Property">
      <column name="PROPERTY_ID" not-null="true" precision="19" scale="0" sql-type="BIGINT" />
    </many-to-one>
    <set name="Users" table="VIRTUAL_PHONE_USER"  generic="true">
      <key not-null="true">
        <column name="VIRTUAL_PHONE_ID" not-null="true" precision="19" scale="0" sql-type="BIGINT" />
      </key>
      <many-to-many class="FirmMember" fetch="join">
        <column name="FIRM_MEMBER_ID" not-null="true" precision="19" scale="0" sql-type="BIGINT" />
      </many-to-many>
    </set>
  </class>
</hibernate-mapping>
