﻿<?xml version="1.0" encoding="utf-8"?>
<hibernate-mapping assembly="ConstroSoft" namespace="ConstroSoft" xmlns="urn:nhibernate-mapping-2.2">
  <class name="VwCustomer" table="VW_CUSTOMER" >
    <composite-id>
	    <key-property name="EntityType" type="string">
	    	<column name="ENTITY_TYPE" not-null="true" length="2" />
	    </key-property>
	    <key-property name="EntityId" type="Int64">
	    	<column name="ENTITY_ID" not-null="true" precision="19" scale="0"  />
	    </key-property>
	  </composite-id>
	  <property name="EntityRefNo" type="String">
      <column name="ENTITY_REF_NO" not-null="true" length="20" />
    </property>
    <property name="Salutation" type="String">
      <column name="SALUTATION" not-null="true" length="100" />
    </property>
    <property name="FirstName" type="String">
      <column name="FIRST_NAME" not-null="true" length="100" />
    </property>
    <property name="MiddleName" type="String">
      <column name="MIDDLE_NAME" not-null="false" length="100" />
    </property>
    <property name="LastName" type="String">
      <column name="LAST_NAME" not-null="false" length="100" />
    </property>
    <property name="Contact" type="String">
      <column name="CONTACT" not-null="true" length="15" />
    </property>
    <property name="AltContact" type="String">
      <column name="ALT_CONTACT" not-null="false" length="15" />
    </property>
    <property name="Email" type="String">
      <column name="EMAIL" not-null="false" length="100" />
    </property>
    <property name="AltEmail" type="String">
      <column name="ALT_EMAIL" not-null="false" length="100" />
    </property>
    <property name="IsPoa" type="IsPoaStringType">
      <column name="IS_POA" not-null="false" length="1" />
    </property>
    <property name="DateCreated" type="DateTime">
      <column name="DATE_CREATED" not-null="true" sql-type="DATE" />
    </property>
    <property name="PropertyId" type="Int64">
      <column name="PROPERTY_ID" not-null="false" precision="19" scale="0" />
    </property>
    <property name="PropertyName" type="String">
      <column name="PROPERTY_NAME" not-null="true" length="100" />
    </property>
    <property name="TowerId" type="Int64">
      <column name="TOWER_ID" not-null="false" precision="19" scale="0" />
    </property>
    <property name="TowerName" type="String">
      <column name="TOWER_NAME" not-null="true" length="100" />
    </property>
    <property name="UnitType" type="String">
      <column name="UNIT_TYPE" not-null="true" length="100" />
    </property>
    <property name="Wing" type="String">
      <column name="WING" not-null="false" length="50" />
    </property>
    <property name="UnitNo" type="String">
      <column name="UNIT_NO" not-null="false" length="25" />
    </property>
    <property name="Status" type="String">
      <column name="STATUS" not-null="false" length="1" />
    </property>
    <property name="FirmNumber" type="String">
      <column name="FIRM_NUMBER" not-null="true" length="10" sql-type="NVARCHAR(10)" />
    </property>
  </class>
</hibernate-mapping>
