<?xml version="1.0" encoding="utf-8"?>
<hibernate-mapping assembly="ConstroSoft" namespace="ConstroSoft" xmlns="urn:nhibernate-mapping-2.2">
  <class name="MPTBook" table="MPT_BOOK" lazy="true" >
    <id name="Id" type="Int64">
      <column name="ID" not-null="true" precision="19" scale="0" sql-type="BIGINT" />
      <generator class="identity" />
    </id>
    <property name="Description">
      <column name="DESCRIPTION" sql-type="NVARCHAR(255)" not-null="false" />
    </property>
    <one-to-one name="PrUnitSaleDetail" property-ref="MPTUnitBook"/>
    <one-to-one name="Agency" property-ref="MPTAgencyBook"/>
    <set name="MasterPymtTransactions" inverse="true" generic="true" >
      <key column="MPT_BOOK" />
      <one-to-many class="MasterPymtTransaction" />
    </set>
  </class>
</hibernate-mapping>