﻿<?xml version="1.0" encoding="utf-8"?>
<hibernate-mapping assembly="ConstroSoft" namespace="ConstroSoft" xmlns="urn:nhibernate-mapping-2.2">
  <class name="Request" table="REQUEST" >
    <id name="Id" type="Int64">
      <column name="ID" not-null="true" precision="19" scale="0" sql-type="BIGINT" />
      <generator class="identity" />
    </id>
    <version name="Version" column="VERSION" type="Int64"/>
    <property name="ReqIdentifier" type="String">
      <column name="REQ_IDENTIFIER" not-null="true" length="100" sql-type="NVARCHAR(100)" />
    </property>
    <property name="RequestType" type="String">
      <column name="REQUEST_TYPE" not-null="true" length="30" sql-type="NVARCHAR(30)" />
    </property>
    <property name="GeneratedDate" type="DateTime">
      <column name="GENERATED_DATE" not-null="true" sql-type="DATE" />
    </property>
    <property name="Name" type="String">
      <column name="NAME" not-null="false" length="100" sql-type="NVARCHAR(100)" />
    </property>
    <property name="GeneratedBy" type="String">
      <column name="GENERATED_BY" not-null="false" length="100" sql-type="NVARCHAR(100)" />
    </property>
    <property name="StartTime" type="DateTime">
      <column name="START_TIME" not-null="false" sql-type="DATETIME" />
    </property>
    <property name="EndTime" type="DateTime">
      <column name="END_TIME" not-null="false" sql-type="DATETIME" />
    </property>
    <property name="Status" type="String">
      <column name="STATUS" not-null="true" length="1" sql-type="NVARCHAR(1)" />
    </property>
    <property name="SuccessMessage" type="String">
      <column name="SUCCESS_MESSAGE" not-null="false" length="150" sql-type="NVARCHAR(150)" />
    </property>
    <property name="FailureMessage" type="String">
      <column name="FAILURE_MESSAGE" not-null="false" length="150" sql-type="NVARCHAR(150)" />
    </property>
    <property name="FirmNumber" type="String">
      <column name="FIRM_NUMBER" not-null="true" length="10" sql-type="NVARCHAR(10)" />
    </property>
    <property name="InsertDate" type="DateTime">
      <column name="INSERT_DATE" default="getdate()" not-null="true" sql-type="DATETIME" />
    </property>
    <property name="UpdateDate" type="DateTime">
      <column name="UPDATE_DATE" default="getdate()" not-null="true" sql-type="DATETIME" />
    </property>
    <property name="InsertUser" type="String">
      <column name="INSERT_USER" not-null="true" length="100" sql-type="NVARCHAR(100)" />
    </property>
    <property name="UpdateUser" type="String">
      <column name="UPDATE_USER" not-null="true" length="100" sql-type="NVARCHAR(100)" />
    </property>
    <set name="BulkDemandLetters" inverse="true" generic="true">
      <key>
        <column name="REQUEST_ID" />
      </key>
      <one-to-many class="BulkDemandLetter" />
    </set>
  </class>
</hibernate-mapping>
