﻿<?xml version="1.0" encoding="utf-8"?>
<hibernate-mapping assembly="ConstroSoft" namespace="ConstroSoft" xmlns="urn:nhibernate-mapping-2.2">
  <class name="PropertyFunds" table="PROPERTY_FUNDS" >
    <id name="Id" type="Int64">
      <column name="ID" not-null="true" precision="19" scale="0" sql-type="BIGINT" />
      <generator class="identity" />
    </id>
    <version name="Version" column="VERSION" type="Int64"/>
    <property name="TxDate" type="DateTime">
      <column name="TX_DATE" not-null="true" sql-type="DATE" />
    </property>
    <property name="Amount" type="Decimal">
      <column name="AMOUNT" not-null="false" precision="18" scale="2" sql-type="NUMERIC(18,2)" />
    </property>
    <property name="PymtMethod" type="String">
      <column name="PYMT_METHOD" not-null="false" length="10" sql-type="NVARCHAR(10)" />
    </property>
    <property name="BankName" type="String">
      <column name="BANK_NAME" not-null="false" length="100" sql-type="NVARCHAR(100)" />
    </property>
    <property name="Branch" type="String">
      <column name="BRANCH" not-null="false" length="100" sql-type="NVARCHAR(100)" />
    </property>
    <property name="MediaNo" type="String">
      <column name="MEDIA_NO" not-null="false" length="50" sql-type="NVARCHAR(50)" />
    </property>
    <property name="ChequeDate" type="DateTime">
      <column name="CHEQUE_DATE" not-null="false" sql-type="DATE" />
    </property>
    <property name="PayName" type="String">
      <column name="PAY_NAME" not-null="false" length="255" sql-type="NVARCHAR(255)" />
    </property>
    <property name="Comments" type="String">
      <column name="COMMENTS" not-null="false" length="255" sql-type="NVARCHAR(255)" />
    </property>
    <property name="PymtStatus" type="PropertyFundStatusStringType">
      <column name="PYMT_STATUS" not-null="false" length="1" sql-type="NVARCHAR(1)" />
    </property>
    <property name="FirmNumber" type="String">
      <column name="FIRM_NUMBER" not-null="true" length="10" sql-type="NVARCHAR(10)" />
    </property>
    <property name="InsertDate" type="DateTime">
      <column name="INSERT_DATE" default="getdate()" not-null="true" sql-type="DATETIME" />
    </property>
    <property name="UpdateDate" type="DateTime">
      <column name="UPDATE_DATE" default="getdate()" not-null="true" sql-type="DATETIME" />
    </property>
    <property name="InsertUser" type="String">
      <column name="INSERT_USER" not-null="true" length="100" sql-type="NVARCHAR(100)" />
    </property>
    <property name="UpdateUser" type="String">
      <column name="UPDATE_USER" not-null="true" length="100" sql-type="NVARCHAR(100)" />
    </property>
    <many-to-one name="FirmAccount" class="FirmAccount">
      <column name="ACCOUNT_ID" not-null="true" precision="19" scale="0" sql-type="BIGINT" />
    </many-to-one>
    <many-to-one name="Property" class="Property">
      <column name="PROPERTY_ID" not-null="false" precision="19" scale="0" sql-type="BIGINT" />
    </many-to-one>
    <many-to-one name="AccountTransaction" class="AccountTransaction" cascade="save-update">
      <column name="ACNT_TRANSACTION" not-null="true" precision="19" scale="0" sql-type="BIGINT" />
    </many-to-one>
  </class>
</hibernate-mapping>
