﻿<?xml version="1.0" encoding="utf-8"?>
<hibernate-mapping assembly="ConstroSoft" namespace="ConstroSoft" xmlns="urn:nhibernate-mapping-2.2">
  <class name="Address" table="ADDRESS" >
    <id name="Id" type="Int64">
      <column name="ID" not-null="true" precision="19" scale="0" sql-type="BIGINT" />
      <generator class="identity" />
    </id>
    <property name="PreferredAddress" type="PreferredAddressStringType">
      <column name="PREFERRED_ADDRESS" not-null="false" length="1" sql-type="NVARCHAR(1)" />
    </property>
    <property name="AddressLine1" type="String">
      <column name="ADDRESS_LINE1" not-null="true" length="255" sql-type="NVARCHAR(255)" />
    </property>
    <property name="AddressLine2" type="String">
      <column name="ADDRESS_LINE2" not-null="false" length="255" sql-type="NVARCHAR(255)" />
    </property>
    <property name="Town" type="String">
      <column name="TOWN" not-null="false" length="50" sql-type="NVARCHAR(50)" />
    </property>
    <property name="Pin" type="String">
      <column name="PIN" not-null="false" length="20" sql-type="NVARCHAR(20)" />
    </property>
    <many-to-one name="AddressType" class="MasterControlData">
      <column name="ADDRESS_TYPE" not-null="true" precision="19" scale="0" sql-type="BIGINT" />
    </many-to-one>
    <many-to-one name="City" class="City">
      <column name="CITY" not-null="false" precision="19" scale="0" sql-type="BIGINT" />
    </many-to-one>
    <many-to-one name="State" class="State">
      <column name="STATE" not-null="false" precision="19" scale="0" sql-type="BIGINT" />
    </many-to-one>
    <many-to-one name="Country" class="Country">
      <column name="COUNTRY" not-null="false" precision="19" scale="0" sql-type="BIGINT" />
    </many-to-one>
    <many-to-one name="ContactInfo" class="ContactInfo">
      <column name="CONTACT_INFO_ID" not-null="true" precision="19" scale="0" sql-type="BIGINT" />
    </many-to-one>
  </class>
</hibernate-mapping>
