﻿<?xml version="1.0" encoding="utf-8"?>
<hibernate-mapping assembly="ConstroSoft" namespace="ConstroSoft" xmlns="urn:nhibernate-mapping-2.2">
  <class name="CustomerPackage" table="CUSTOMER_PACKAGE" >
    <id name="Id" type="Int64">
      <column name="ID" not-null="true" precision="19" scale="0" sql-type="BIGINT" />
      <generator class="identity" />
    </id>
    <version name="Version" column="VERSION" type="Int64"/>
    <property name="Name" type="String">
      <column name="NAME" not-null="true" length="100" sql-type="NVARCHAR(100)" />
    </property>
    <property name="PurchaseDate" type="DateTime">
      <column name="PURCHASE_DATE" not-null="true" sql-type="DATE" />
    </property>
    <property name="StartDate" type="DateTime">
      <column name="START_DATE" not-null="true" sql-type="DATETIME" />
    </property>
    <property name="EndDate" type="DateTime">
      <column name="END_DATE"  not-null="true" sql-type="DATETIME" />
    </property>
    <property name="NoOfUsers" type="Int32">
      <column name="NO_OF_USERS" not-null="true" precision="2" scale="0" sql-type="INT" />
    </property>
    <property name="PurchaseStatus" type="PackagePurchaseStatusStringType">
      <column name="PURCHASE_STATUS" not-null="true" length="1" sql-type="NVARCHAR(1)" />
    </property>
    <property name="Status" type="PackageStatusStringType">
      <column name="STATUS" not-null="true" length="1" sql-type="NVARCHAR(1)" />
    </property>
    <property name="Comments" type="String">
      <column name="COMMENTS" not-null="true" length="255" sql-type="255" />
    </property>
    <property name="InsertDate" type="DateTime">
      <column name="INSERT_DATE" default="getdate()" not-null="true" sql-type="DATETIME" />
    </property>
    <property name="UpdateDate" type="DateTime">
      <column name="UPDATE_DATE" default="getdate()" not-null="true" sql-type="DATETIME" />
    </property>
    <property name="InsertUser" type="String">
      <column name="INSERT_USER" not-null="true" length="100" sql-type="NVARCHAR(100)" />
    </property>
    <property name="UpdateUser" type="String">
      <column name="UPDATE_USER" not-null="true" length="100" sql-type="NVARCHAR(100)" />
    </property>
    <many-to-one name="Firm" class="Firm">
      <column name="FIRM_ID" not-null="true" precision="19" scale="0" sql-type="BIGINT" />
    </many-to-one>
    <set name="Users" table="CUST_PKG_USER_DEF" inverse="true" generic="true">
      <key not-null="true">
        <column name="CUST_PACKAGE_ID" />
      </key>
      <many-to-many class="UserDefinition" fetch="join">
        <column name="USER_DEFINITION_ID" />
      </many-to-many>
    </set>
  </class>
</hibernate-mapping>
