﻿<?xml version="1.0" encoding="utf-8"?>
<hibernate-mapping assembly="ConstroSoft" namespace="ConstroSoft" xmlns="urn:nhibernate-mapping-2.2">
  <class name="UserDefinition" table="USER_DEFINITION" >
    <id name="Id" type="Int64">
      <column name="ID" not-null="true" precision="19" scale="0" sql-type="BIGINT" />
      <generator class="identity" />
    </id>
    <version name="Version" column="VERSION" type="Int64"/>
    <property name="Username" type="String" unique="true">
      <column name="USERNAME" not-null="true" length="100" sql-type="NVARCHAR(100)" />
    </property>
    <property name="Password" type="String">
      <column name="PASSWORD" not-null="true" length="255" sql-type="NVARCHAR(255)" />
    </property>
    <property name="SecurityAnswer" type="String">
      <column name="SECURITY_ANSWER" not-null="true" length="100" sql-type="NVARCHAR(100)" />
    </property>
    <property name="ActivationDate" type="DateTime">
      <column name="ACTIVATION_DATE" not-null="false" sql-type="DATE" />
    </property>
    <property name="ExpirationDate" type="DateTime">
      <column name="EXPIRATION_DATE" not-null="false" sql-type="DATE" />
    </property>
    <property name="Status" type="UserStatusStringType">
      <column name="STATUS" not-null="true" length="1" sql-type="NVARCHAR(1)" />
    </property>
    <property name="ProfileImg" type="Byte[]">
      <column name="PROFILE_IMG" not-null="false" length="2147483647" sql-type="VARBINARY(MAX)" />
    </property>
    <property name="FirmNumber" type="String">
      <column name="FIRM_NUMBER" not-null="true" length="10" sql-type="NVARCHAR(10)" />
    </property>
    <property name="InsertDate" type="DateTime">
      <column name="INSERT_DATE" default="getdate()" not-null="true" sql-type="DATETIME" />
    </property>
    <property name="UpdateDate" type="DateTime">
      <column name="UPDATE_DATE" default="getdate()" not-null="true" sql-type="DATETIME" />
    </property>
    <property name="InsertUser" type="String">
      <column name="INSERT_USER" not-null="true" length="100" sql-type="NVARCHAR(100)" />
    </property>
    <property name="UpdateUser" type="String">
      <column name="UPDATE_USER" not-null="true" length="100" sql-type="NVARCHAR(100)" />
    </property>
    <many-to-one name="SecurityQuestion" class="SecurityQuestion">
      <column name="SECURITY_QUESTION" not-null="true" precision="19" scale="0" sql-type="BIGINT" />
    </many-to-one>
    <many-to-one name="UserRole" class="UserRole">
      <column name="ROLE_ID" not-null="true" precision="19" scale="0" sql-type="BIGINT" />
    </many-to-one>
    <many-to-one name="FirmMember" class="FirmMember">
      <column name="FIRM_MEMBER_ID" not-null="true" precision="19" scale="0" sql-type="BIGINT" />
    </many-to-one>
    <set name="Packages" table="CUST_PKG_USER_DEF" generic="true">
      <key>
        <column name="USER_DEFINITION_ID" not-null="true" precision="19" scale="0" sql-type="BIGINT" />
      </key>
      <many-to-many class="CustomerPackage" fetch="join">
        <column name="CUST_PACKAGE_ID" not-null="true" precision="19" scale="0" sql-type="BIGINT" />
      </many-to-many>
    </set>
  </class>
</hibernate-mapping>
