﻿<?xml version="1.0" encoding="utf-8"?>
<hibernate-mapping assembly="ConstroSoft" namespace="ConstroSoft" xmlns="urn:nhibernate-mapping-2.2">
  <class name="EnquiryDetail" table="ENQUIRY_DETAILS" >
    <id name="Id" type="Int64">
      <column name="ID" not-null="true" precision="19" scale="0" sql-type="BIGINT" />
      <generator class="identity" />
    </id>
    <version name="Version" column="VERSION" type="Int64"/>
    <property name="EnquiryRefNo" type="String">
      <column name="ENQUIRY_REF_NO" not-null="true" length="20" sql-type="NVARCHAR(20)" unique="true" />
    </property>
    <property name="FirstName" type="String">
      <column name="FIRST_NAME" not-null="true" length="100" sql-type="NVARCHAR(100)" />
    </property>
    <property name="MiddleName" type="String">
      <column name="MIDDLE_NAME" not-null="false" length="100" sql-type="NVARCHAR(100)" />
    </property>
    <property name="LastName" type="String">
      <column name="LAST_NAME" not-null="false" length="100" sql-type="NVARCHAR(100)" />
    </property>
    <property name="EnquiryDate" type="DateTime">
      <column name="ENQUIRY_DATE" not-null="true" sql-type="DATE" />
    </property>
    <property name="AssignedDate" type="DateTime">
      <column name="ASSIGNED_DATE" not-null="false" sql-type="DATE" />
    </property>
    <property name="Budget" type="Decimal">
      <column name="BUDGET" not-null="false" precision="18" scale="2" sql-type="NUMERIC(18,2)" />
    </property>
    <property name="Status" type="EnquiryStatusStringType">
      <column name="STATUS" not-null="true" length="1" sql-type="NVARCHAR(1)" />
    </property>
    <property name="Comments" type="String">
      <column name="COMMENTS" not-null="false" length="255" sql-type="NVARCHAR(255)" />
    </property>
    <property name="FirmNumber" type="String">
      <column name="FIRM_NUMBER" not-null="true" length="10" sql-type="NVARCHAR(10)" />
    </property>
    <property name="InsertDate" type="DateTime">
      <column name="INSERT_DATE" default="getdate()" not-null="true" sql-type="DATETIME" />
    </property>
    <property name="UpdateDate" type="DateTime">
      <column name="UPDATE_DATE" default="getdate()" not-null="true" sql-type="DATETIME" />
    </property>
    <property name="InsertUser" type="String">
      <column name="INSERT_USER" not-null="true" length="100" sql-type="NVARCHAR(100)" />
    </property>
    <property name="UpdateUser" type="String">
      <column name="UPDATE_USER" not-null="true" length="100" sql-type="NVARCHAR(100)" />
    </property>
    <many-to-one name="ContactInfo" class="ContactInfo" cascade="all-delete-orphan">
      <column name="CONTACT_INFO_ID" not-null="true" precision="19" scale="0" sql-type="BIGINT" />
    </many-to-one>
    <many-to-one name="Salutation" class="MasterControlData">
      <column name="SALUTATION_ID" not-null="true" precision="19" scale="0" sql-type="BIGINT" />
    </many-to-one>
    <many-to-one name="Occupation" class="MasterControlData">
      <column name="OCCUPATION" not-null="false" precision="19" scale="0" sql-type="BIGINT" />
    </many-to-one>
    <many-to-one name="Property" class="Property">
      <column name="PROPERTY" not-null="true" precision="19" scale="0" sql-type="BIGINT" />
    </many-to-one>
    <many-to-one name="PrUnitType" class="MasterControlData">
      <column name="PR_UNIT_TYPE" not-null="false" precision="19" scale="0" sql-type="BIGINT" />
    </many-to-one>
    <many-to-one name="EnquirySource" class="MasterControlData">
      <column name="ENQUIRY_SOURCE" not-null="true" precision="19" scale="0" sql-type="BIGINT" />
    </many-to-one>
    <many-to-one name="Assignee" class="FirmMember">
      <column name="ASSIGNEE" not-null="true" precision="19" scale="0" sql-type="BIGINT" />
    </many-to-one>
    <many-to-one name="Lead" class="LeadDetail">
      <column name="LEAD_ID" not-null="false" precision="19" scale="0" sql-type="BIGINT" />
    </many-to-one>
    <one-to-one name="PrUnitSaleDetail" property-ref="Enquiry"/>
    <set name="EnquiryActivities" inverse="true" generic="true" cascade="all-delete-orphan">
      <key>
        <column name="ENQUIRY_ID" />
      </key>
      <one-to-many class="EnquiryActivity" />
    </set>
  </class>
</hibernate-mapping>
