﻿<?xml version="1.0" encoding="utf-8"?>
<hibernate-mapping assembly="ConstroSoft" namespace="ConstroSoft" xmlns="urn:nhibernate-mapping-2.2">
  <class name="Firm" table="FIRM" >
    <id name="Id" type="Int64">
      <column name="ID" not-null="true" precision="19" scale="0" sql-type="BIGINT" />
      <generator class="identity" />
    </id>
    <version name="Version" column="VERSION" type="Int64"/>
    <property name="Name" type="String">
      <column name="NAME" not-null="true" length="100" sql-type="NVARCHAR(100)" />
    </property>
    <property name="FirmNumber" type="String">
      <column name="FIRM_NUMBER" not-null="true" length="10" sql-type="NVARCHAR(10)" unique="true" />
    </property>
    <property name="RegistrationNo" type="String">
      <column name="REGISTRATION_NO" not-null="false" length="100" sql-type="NVARCHAR(100)" />
    </property>
    <property name="WebSite" type="String">
      <column name="WEB_SITE" not-null="false" length="150" sql-type="NVARCHAR(150)" />
    </property>
    <property name="Description" type="String">
      <column name="DESCRIPTION" not-null="false" length="255" sql-type="NVARCHAR(255)" />
    </property>
    <property name="InsertDate" type="DateTime">
      <column name="INSERT_DATE" default="getdate()" not-null="true" sql-type="DATETIME" />
    </property>
    <property name="UpdateDate" type="DateTime">
      <column name="UPDATE_DATE" default="getdate()" not-null="true" sql-type="DATETIME" />
    </property>
    <property name="InsertUser" type="String">
      <column name="INSERT_USER" not-null="true" length="100" sql-type="NVARCHAR(100)" />
    </property>
    <property name="UpdateUser" type="String">
      <column name="UPDATE_USER" not-null="true" length="100" sql-type="NVARCHAR(100)" />
    </property>
    <many-to-one name="ContactInfo" class="ContactInfo">
      <column name="CONTACT_INFO_ID" not-null="true" precision="19" scale="0" sql-type="BIGINT" />
    </many-to-one>
    <many-to-one name="PdcInBook" class="PdcBook" cascade="all-delete-orphan">
      <column name="PDC_IN_BOOK" not-null="true" precision="19" scale="0" sql-type="BIGINT" />
    </many-to-one>
    <many-to-one name="PdcOutBook" class="PdcBook" cascade="all-delete-orphan">
      <column name="PDC_OUT_BOOK" not-null="true" precision="19" scale="0" sql-type="BIGINT" />
    </many-to-one>
    <set name="FirmAccounts" inverse="true" generic="true">
      <key>
        <column name="FIRM_ID" />
      </key>
      <one-to-many class="FirmAccount" />
    </set>
  </class>
</hibernate-mapping>
