﻿<?xml version="1.0" encoding="utf-8"?>
<hibernate-mapping assembly="ConstroSoft" namespace="ConstroSoft" xmlns="urn:nhibernate-mapping-2.2">
  <class name="PortalleadDetail" table="PORTALLEAD_DETAILS" >
    <id name="Id" type="Int64">
      <column name="ID" not-null="true" precision="19" scale="0" sql-type="BIGINT" />
      <generator class="identity" />
    </id>
    <version name="Version" column="VERSION" type="Int64"/>
    <property name="FirstName" type="String">
      <column name="FIRST_NAME" not-null="true" length="100" sql-type="NVARCHAR(100)" />
    </property>
    <property name="LastName" type="String">
      <column name="LAST_NAME" not-null="false" length="100" sql-type="NVARCHAR(100)" />
    </property>
    <property name="EnquiryDate" type="DateTime">
      <column name="ENQUIRY_DATE" not-null="false" sql-type="DATE" />
    </property>
    <property name="Budget" type="Decimal">
      <column name="BUDGET" not-null="false" precision="18" scale="2" sql-type="NUMERIC(18,2)" />
    </property>
     <property name="Contact" type="String">
      <column name="CONTACT" not-null="true" length="15" sql-type="NVARCHAR(15)" />
    </property>
     <property name="Email" type="String">
      <column name="EMAIL" not-null="false" length="100" sql-type="NVARCHAR(100)" />
    </property>    
    <property name="TokenKey" type="String">
      <column name="TOKEN_KEY" not-null="true" length="255" sql-type="NVARCHAR(255)" />
    </property>
    <property name="FirmNumber" type="String">
      <column name="FIRM_NUMBER" not-null="true" length="10" sql-type="NVARCHAR(10)" />
    </property>
    <property name="InsertDate" type="DateTime">
      <column name="INSERT_DATE" default="getdate()" not-null="true" sql-type="DATETIME" />
    </property>
    <property name="UpdateDate" type="DateTime">
      <column name="UPDATE_DATE" default="getdate()" not-null="true" sql-type="DATETIME" />
    </property>
    <property name="InsertUser" type="String">
      <column name="INSERT_USER" not-null="true" length="100" sql-type="NVARCHAR(100)" />
    </property>
    <property name="UpdateUser" type="String">
      <column name="UPDATE_USER" not-null="true" length="100" sql-type="NVARCHAR(100)" />
    </property>
    <many-to-one name="FBUser" class="FBUser">
      <column name="FB_USER_ID" not-null="true" precision="19" scale="0" sql-type="BIGINT" />
    </many-to-one>
    <many-to-one name="Property" class="Property">
      <column name="PROPERTY" not-null="true" precision="19" scale="0" sql-type="BIGINT" />
    </many-to-one>
    <many-to-one name="EnquirySource" class="MasterControlData">
      <column name="ENQUIRY_SOURCE" not-null="false" precision="19" scale="0" sql-type="BIGINT" />
    </many-to-one>
  </class>
</hibernate-mapping>
