﻿<?xml version="1.0" encoding="utf-8"?>
<hibernate-mapping assembly="ConstroSoft" namespace="ConstroSoft" xmlns="urn:nhibernate-mapping-2.2">
  <class name="EnquiryActivity" table="ENQUIRY_ACTIVITY" >
    <id name="Id" type="Int64">
      <column name="ID" not-null="true" precision="19" scale="0" sql-type="BIGINT" />
      <generator class="identity" />
    </id>
    <version name="Version" column="VERSION" type="Int64"/>
    <property name="RecordType" type="EnqActivityRecordTypeStringType">
      <column name="RECORD_TYPE" not-null="true" length="1" sql-type="NVARCHAR(1)" />
    </property>
    <property name="ReminderMode" type="ReminderModeStringType">
      <column name="REMINDER_MODE" not-null="true" length="1" sql-type="NVARCHAR(1)" />
    </property>
    <property name="ActivityType" type="EnqActivityTypeStringType">
      <column name="ACTIVITY_TYPE" not-null="true" length="1" sql-type="NVARCHAR(1)" />
    </property>
    <property name="DateLogged" type="DateTime">
      <column name="DATE_LOGGED" not-null="true" sql-type="DATETIME" />
    </property>
    <property name="ScheduledDate" type="DateTime">
      <column name="SCHEDULE_DATE" not-null="false" sql-type="DATETIME" />
    </property>
    <property name="Comments" type="String">
      <column name="COMMENTS" not-null="false" length="255" sql-type="NVARCHAR(255)" />
    </property>
    <property name="Status" type="EnqLeadActivityStatusStringType">
      <column name="STATUS" not-null="true" length="1" sql-type="NVARCHAR(1)" />
    </property>
    <property name="RefNo" type="String">
      <column name="REF_NO" not-null="true" length="20" sql-type="NVARCHAR(20)" unique="true" />
    </property>
    <property name="RevRefNo" type="String">
      <column name="REV_REF_NO" not-null="false" length="20" sql-type="NVARCHAR(20)" unique="true" />
    </property>
    <property name="FirmNumber" type="String">
      <column name="FIRM_NUMBER" not-null="true" length="10" sql-type="NVARCHAR(10)" />
    </property>
    <property name="InsertDate" type="DateTime">
      <column name="INSERT_DATE" default="getdate()" not-null="true" sql-type="DATETIME" />
    </property>
    <property name="UpdateDate" type="DateTime">
      <column name="UPDATE_DATE" default="getdate()" not-null="true" sql-type="DATETIME" />
    </property>
    <property name="InsertUser" type="String">
      <column name="INSERT_USER" not-null="true" length="100" sql-type="NVARCHAR(100)" />
    </property>
    <property name="UpdateUser" type="String">
      <column name="UPDATE_USER" not-null="true" length="100" sql-type="NVARCHAR(100)" />
    </property>
    <many-to-one name="EnquiryDetail" class="EnquiryDetail">
      <column name="ENQUIRY_ID" not-null="true" precision="19" scale="0" sql-type="BIGINT" />
    </many-to-one>
    <many-to-one name="LoggedBy" class="FirmMember">
      <column name="LOGGED_BY" not-null="true" precision="19" scale="0" sql-type="BIGINT" />
    </many-to-one>
    <many-to-one name="CommunicationMedia" class="MasterControlData">
      <column name="COMMUNICATION_MEDIA" not-null="false" precision="19" scale="0" sql-type="BIGINT" />
    </many-to-one>
  </class>
</hibernate-mapping>
