﻿<?xml version="1.0" encoding="utf-8"?>
<hibernate-mapping assembly="ConstroSoft" namespace="ConstroSoft" xmlns="urn:nhibernate-mapping-2.2">
  <class name="PropertyAlertConfig" table="PROPERTY_ALERT_CONFIG" >
    <id name="Id" type="Int64">
      <column name="ID" not-null="true" precision="19" scale="0" sql-type="BIGINT" />
      <generator class="identity" />
    </id>
    <version name="Version" column="VERSION" type="Int64"/>
    <property name="FunctionName" type="FunctionNameStringType">
      <column name="FUNCTION_NAME" not-null="true" length="3" sql-type="NVARCHAR(3)" />
    </property>
    <property name="EmailSmsType" type="EmailSmsTypeStringType">
      <column name="EMAIL_SMS_TYPE" not-null="true" length="3" sql-type="NVARCHAR(3)" />
    </property>
    <property name="Subject" type="String">
      <column name="SUBJECT" not-null="true" length="250" sql-type="NVARCHAR(250)" />
    </property>
    <property name="SmsContent" type="String">
      <column name="SMS_CONTENT" not-null="true" length="500" sql-type="NVARCHAR(500)" />
    </property>
    <property name="EmailTemplatePath" type="String">
      <column name="EMAIL_TEMPLATE_PATH" not-null="true" length="500" sql-type="NVARCHAR(500)" />
    </property>
    <property name="Email" type="String">
      <column name="EMAIL" not-null="true" length="1" sql-type="NVARCHAR(1)" />
    </property>
    <property name="Sms" type="String">
      <column name="SMS" not-null="true" length="1" sql-type="NVARCHAR(1)" />
    </property>
    <property name="FirmNumber" type="String">
      <column name="FIRM_NUMBER" not-null="true" length="10" sql-type="NVARCHAR(10)" />
    </property>
    <property name="InsertDate" type="DateTime">
      <column name="INSERT_DATE" default="getdate()" not-null="true" sql-type="DATETIME" />
    </property>
    <property name="UpdateDate" type="DateTime">
      <column name="UPDATE_DATE" default="getdate()" not-null="true" sql-type="DATETIME" />
    </property>
    <property name="InsertUser" type="String">
      <column name="INSERT_USER" not-null="true" length="100" sql-type="NVARCHAR(100)" />
    </property>
    <property name="UpdateUser" type="String">
      <column name="UPDATE_USER" not-null="true" length="100" sql-type="NVARCHAR(100)" />
    </property>
    <many-to-one name="Property" class="Property">
      <column name="PROPERTY_ID" not-null="true" precision="19" scale="0" sql-type="BIGINT" />
    </many-to-one>
    <many-to-one name="EmailConfig" class="EmailConfig">
      <column name="EMAIL_CONFIG_ID" not-null="false" precision="19" scale="0" sql-type="BIGINT" />
    </many-to-one>
    <many-to-one name="SmsConfig" class="SmsConfig">
      <column name="SMS_CONFIG_ID" not-null="false" precision="19" scale="0" sql-type="BIGINT" />
    </many-to-one>
    </class>
</hibernate-mapping>
