﻿<?xml version="1.0" encoding="utf-8"?>
<hibernate-mapping assembly="ConstroSoft" namespace="ConstroSoft" xmlns="urn:nhibernate-mapping-2.2">
  <class name="AccountTransaction" table="ACCOUNT_TRANSACTIONS" >
    <id name="Id" type="Int64">
      <column name="ID" not-null="true" precision="19" scale="0" sql-type="BIGINT" />
      <generator class="identity" />
    </id>
    <version name="Version" column="VERSION" type="Int64"/>
    <property name="TxDate" type="DateTime">
      <column name="TX_DATE" not-null="true" sql-type="DATE" />
    </property>
    <property name="Amount" type="Decimal">
      <column name="AMOUNT" not-null="true" precision="18" scale="2" sql-type="NUMERIC(18,2)" />
    </property>
    <property name="TxType" type="String">
      <column name="TX_TYPE" not-null="false" length="1" sql-type="NVARCHAR(1)" />
    </property>
    <property name="Comments" type="String">
      <column name="COMMENTS" not-null="false" length="255" sql-type="NVARCHAR(255)" />
    </property>
    <property name="FirmNumber" type="String">
      <column name="FIRM_NUMBER" not-null="true" length="10" sql-type="NVARCHAR(10)" />
    </property>
    <property name="InsertDate" type="DateTime">
      <column name="INSERT_DATE" default="getdate()" not-null="true" sql-type="DATETIME" />
    </property>
    <property name="UpdateDate" type="DateTime">
      <column name="UPDATE_DATE" default="getdate()" not-null="true" sql-type="DATETIME" />
    </property>
    <property name="InsertUser" type="String">
      <column name="INSERT_USER" not-null="true" length="100" sql-type="NVARCHAR(100)" />
    </property>
    <property name="UpdateUser" type="String">
      <column name="UPDATE_USER" not-null="true" length="100" sql-type="NVARCHAR(100)" />
    </property>
    <many-to-one name="FirmAccount" class="FirmAccount">
      <column name="ACCOUNT_ID" not-null="true" precision="19" scale="0" sql-type="BIGINT" />
    </many-to-one>
    <many-to-one name="PaymentTransaction" class="PaymentTransaction">
      <column name="TX_SOURCE_ID" not-null="false" precision="19" scale="0" sql-type="BIGINT" />
    </many-to-one>
  </class>
</hibernate-mapping>
