﻿<?xml version="1.0" encoding="utf-8"?>
<hibernate-mapping assembly="ConstroSoft" namespace="ConstroSoft" xmlns="urn:nhibernate-mapping-2.2">
  <class name="DocumentInfo" table="DOCUMENT_INFO" >
    <id name="Id" type="Int64">
      <column name="ID" not-null="true" precision="19" scale="0" sql-type="BIGINT" />
      <generator class="identity" />
    </id>
    <property name="Description" type="String">
      <column name="DESCRIPTION" not-null="false" length="255" sql-type="NVARCHAR(255)" />
    </property>
    <set name="Contractors" inverse="true" generic="true">
      <key>
        <column name="DOCUMENT_INFO" />
      </key>
      <one-to-many class="Contractor" />
    </set>
    <set name="ContractorPayments" inverse="true" generic="true">
      <key>
        <column name="DOCUMENT_INFO" />
      </key>
      <one-to-many class="ContractorPayment" />
    </set>
    <set name="Customers" inverse="true" generic="true">
      <key>
        <column name="DOCUMENT_INFO" />
      </key>
      <one-to-many class="Customer" />
    </set>
    <set name="Documents" inverse="true" generic="true">
      <key>
        <column name="DOCUMENT_INFO" />
      </key>
      <one-to-many class="Document" />
    </set>
    <set name="Properties" inverse="true" generic="true">
      <key>
        <column name="DOCUMENT_INFO" />
      </key>
      <one-to-many class="Property" />
    </set>
    <set name="PropertyExpenses" inverse="true" generic="true">
      <key>
        <column name="DOCUMENT_INFO" />
      </key>
      <one-to-many class="PropertyExpense" />
    </set>
    <set name="PurchaseMasters" inverse="true" generic="true">
      <key>
        <column name="DOCUMENT_INFO" />
      </key>
      <one-to-many class="PurchaseMaster" />
    </set>
    <set name="Suppliers" inverse="true" generic="true">
      <key>
        <column name="DOCUMENT_INFO" />
      </key>
      <one-to-many class="Supplier" />
    </set>
  </class>
</hibernate-mapping>
