﻿<?xml version="1.0" encoding="utf-8"?>
<hibernate-mapping assembly="ConstroSoft" namespace="ConstroSoft" xmlns="urn:nhibernate-mapping-2.2">
  <class name="PaymentMaster" table="PAYMENT_MASTER" >
    <id name="Id" type="Int64">
      <column name="ID" not-null="true" precision="19" scale="0" sql-type="BIGINT" />
      <generator class="identity" />
    </id>
    <version name="Version" column="VERSION" type="Int64"/>
    <property name="TotalAmt" type="Decimal">
      <column name="TOTAL_AMT" not-null="false" precision="18" scale="2" sql-type="NUMERIC(18,2)" />
    </property>
    <property name="TotalPaid" type="Decimal">
      <column name="TOTAL_PAID" not-null="false" precision="18" scale="2" sql-type="NUMERIC(18,2)" />
    </property>
    <property name="TotalPending" type="Decimal">
      <column name="TOTAL_PENDING" not-null="false" precision="18" scale="2" sql-type="NUMERIC(18,2)" />
    </property>
    <property name="TotalPdcAmt" type="Decimal">
      <column name="TOTAL_PDC_AMT" not-null="false" precision="18" scale="2" sql-type="NUMERIC(18,2)" />
    </property>
    <property name="Status" type="String">
      <column name="STATUS" not-null="false" length="1" sql-type="NVARCHAR(1)" />
    </property>
    <property name="FirmNumber" type="String">
      <column name="FIRM_NUMBER" not-null="true" length="10" sql-type="NVARCHAR(10)" />
    </property>
    <property name="InsertDate" type="DateTime">
      <column name="INSERT_DATE" default="getdate()" not-null="true" sql-type="DATETIME" />
    </property>
    <property name="UpdateDate" type="DateTime">
      <column name="UPDATE_DATE" default="getdate()" not-null="true" sql-type="DATETIME" />
    </property>
    <property name="InsertUser" type="String">
      <column name="INSERT_USER" not-null="true" length="100" sql-type="NVARCHAR(100)" />
    </property>
    <property name="UpdateUser" type="String">
      <column name="UPDATE_USER" not-null="true" length="100" sql-type="NVARCHAR(100)" />
    </property>
    <set name="ContractorPayments" inverse="true" generic="true">
      <key>
        <column name="PAYMENT_MASTER_ID" />
      </key>
      <one-to-many class="ContractorPayment" />
    </set>
    <set name="PaymentTransactions" inverse="true" generic="true">
      <key>
        <column name="PYMT_MASTER_ID" />
      </key>
      <one-to-many class="PaymentTransaction" />
    </set>
    <set name="PrPostDatedCheques" inverse="true" generic="true">
      <key>
        <column name="PYMT_MASTER_ID" />
      </key>
      <one-to-many class="PrPostDatedCheque" />
    </set>
    <set name="PrUnitSalePymts" inverse="true" generic="true">
      <key>
        <column name="PAYMENT_MASTER_ID" />
      </key>
      <one-to-many class="PrUnitSalePymt" />
    </set>
    <set name="PropertyExpenses" inverse="true" generic="true">
      <key>
        <column name="PAYMENT_MASTER_ID" />
      </key>
      <one-to-many class="PropertyExpense" />
    </set>
    <set name="PurchaseMasters" inverse="true" generic="true">
      <key>
        <column name="PAYMENT_MASTER_ID" />
      </key>
      <one-to-many class="PurchaseMaster" />
    </set>
  </class>
</hibernate-mapping>
