﻿<?xml version="1.0" encoding="utf-8"?>
<hibernate-mapping assembly="ConstroSoft" namespace="ConstroSoft" xmlns="urn:nhibernate-mapping-2.2">
  <class name="PropertyParking" table="PROPERTY_PARKING" >
    <id name="Id" type="Int64">
      <column name="ID" not-null="true" precision="19" scale="0" sql-type="BIGINT" />
      <generator class="identity" />
    </id>
    <version name="Version" column="VERSION" type="Int64"/>
    <property name="ParkingNo" type="String">
      <column name="PARKING_NO" not-null="true" length="20" sql-type="NVARCHAR(20)" />
    </property>
    <property name="Area" type="Decimal">
      <column name="AREA" not-null="false" precision="18" scale="3" sql-type="NUMERIC(18,3)" />
    </property>
    <property name="CommonParking" type="CommonParkingStringType">
      <column name="COMMON_PARKING" not-null="false" length="1" sql-type="NVARCHAR(1)" />
    </property>
    <property name="Status" type="ParkingStatusStringType">
      <column name="STATUS" not-null="true" length="1" sql-type="NVARCHAR(1)" />
    </property>
    <property name="FirmNumber" type="String">
      <column name="FIRM_NUMBER" not-null="true" length="10" sql-type="NVARCHAR(10)" />
    </property>
    <property name="InsertDate" type="DateTime">
      <column name="INSERT_DATE" default="getdate()" not-null="true" sql-type="DATETIME" />
    </property>
    <property name="UpdateDate" type="DateTime">
      <column name="UPDATE_DATE" default="getdate()" not-null="true" sql-type="DATETIME" />
    </property>
    <property name="InsertUser" type="String">
      <column name="INSERT_USER" not-null="true" length="100" sql-type="NVARCHAR(100)" />
    </property>
    <property name="UpdateUser" type="String">
      <column name="UPDATE_USER" not-null="true" length="100" sql-type="NVARCHAR(100)" />
    </property>
    <many-to-one name="ParkingType" class="MasterControlData">
      <column name="PARKING_TYPE" not-null="false" precision="19" scale="0" sql-type="BIGINT" />
    </many-to-one>
    <many-to-one name="PropertyTower" class="PropertyTower">
      <column name="PR_TOWER_ID" not-null="true" precision="19" scale="0" sql-type="BIGINT" />
    </many-to-one>
    <set name="PropertyUnits" table="PR_UNIT_PARKING"  inverse="true" generic="true">
      <key>
        <column name="PR_PARKING_ID" />
      </key>
      <many-to-many class="PropertyUnit" fetch="join">
        <column name="PR_UNIT_ID" />
      </many-to-many>
    </set>
  </class>
</hibernate-mapping>
