﻿<?xml version="1.0" encoding="utf-8"?>
<hibernate-mapping assembly="ConstroSoft" namespace="ConstroSoft" xmlns="urn:nhibernate-mapping-2.2">
  <class name="PurchaseDetail" table="PURCHASE_DETAILS" >
    <id name="Id" type="Int64">
      <column name="ID" not-null="true" precision="19" scale="0" sql-type="BIGINT" />
      <generator class="identity" />
    </id>
    <version name="Version" column="VERSION" type="Int64"/>
    <property name="Quantity" type="Decimal">
      <column name="QUANTITY" not-null="false" precision="10" scale="2" sql-type="NUMERIC(10,2)" />
    </property>
    <property name="Rate" type="Decimal">
      <column name="RATE" not-null="false" precision="10" scale="2" sql-type="NUMERIC(10,2)" />
    </property>
    <property name="Amount" type="Decimal">
      <column name="AMOUNT" not-null="false" precision="18" scale="2" sql-type="NUMERIC(18,2)" />
    </property>
    <property name="FirmNumber" type="String">
      <column name="FIRM_NUMBER" not-null="true" length="10" sql-type="NVARCHAR(10)" />
    </property>
    <property name="InsertDate" type="DateTime">
      <column name="INSERT_DATE" default="getdate()" not-null="true" sql-type="DATETIME" />
    </property>
    <property name="UpdateDate" type="DateTime">
      <column name="UPDATE_DATE" default="getdate()" not-null="true" sql-type="DATETIME" />
    </property>
    <property name="InsertUser" type="String">
      <column name="INSERT_USER" not-null="true" length="100" sql-type="NVARCHAR(100)" />
    </property>
    <property name="UpdateUser" type="String">
      <column name="UPDATE_USER" not-null="true" length="100" sql-type="NVARCHAR(100)" />
    </property>
    <many-to-one name="Quality" class="MasterControlData">
      <column name="QUALITY" not-null="false" precision="19" scale="0" sql-type="BIGINT" />
    </many-to-one>
    <many-to-one name="PurchaseMaster" class="PurchaseMaster">
      <column name="MASTER_ID" not-null="true" precision="19" scale="0" sql-type="BIGINT" />
    </many-to-one>
    <many-to-one name="StockItem" class="StockItem">
      <column name="ITEM_ID" not-null="true" precision="19" scale="0" sql-type="BIGINT" />
    </many-to-one>
  </class>
</hibernate-mapping>
