﻿<?xml version="1.0" encoding="utf-8"?>
<hibernate-mapping assembly="ConstroSoft" namespace="ConstroSoft" xmlns="urn:nhibernate-mapping-2.2">
  <class name="PurchaseMaster" table="PURCHASE_MASTER" >
    <id name="Id" type="Int64">
      <column name="ID" not-null="true" precision="19" scale="0" sql-type="BIGINT" />
      <generator class="identity" />
    </id>
    <version name="Version" column="VERSION" type="Int64"/>
    <property name="PurchaseDate" type="DateTime">
      <column name="PURCHASE_DATE" not-null="true" sql-type="DATE" />
    </property>
    <property name="InvoiceNo" type="String">
      <column name="INVOICE_NO" not-null="false" length="50" sql-type="NVARCHAR(50)" />
    </property>
    <property name="PymtAmt" type="Decimal">
      <column name="PYMT_AMT" not-null="false" precision="18" scale="2" sql-type="NUMERIC(18,2)" />
    </property>
    <property name="Tax" type="Decimal">
      <column name="TAX" not-null="false" precision="18" scale="2" sql-type="NUMERIC(18,2)" />
    </property>
    <property name="Discount" type="Decimal">
      <column name="DISCOUNT" not-null="false" precision="18" scale="2" sql-type="NUMERIC(18,2)" />
    </property>
    <property name="TotalAmt" type="Decimal">
      <column name="TOTAL_AMT" not-null="false" precision="18" scale="2" sql-type="NUMERIC(18,2)" />
    </property>
    <property name="FirmNumber" type="String">
      <column name="FIRM_NUMBER" not-null="true" length="10" sql-type="NVARCHAR(10)" />
    </property>
    <property name="InsertDate" type="DateTime">
      <column name="INSERT_DATE" default="getdate()" not-null="true" sql-type="DATETIME" />
    </property>
    <property name="UpdateDate" type="DateTime">
      <column name="UPDATE_DATE" default="getdate()" not-null="true" sql-type="DATETIME" />
    </property>
    <property name="InsertUser" type="String">
      <column name="INSERT_USER" not-null="true" length="100" sql-type="NVARCHAR(100)" />
    </property>
    <property name="UpdateUser" type="String">
      <column name="UPDATE_USER" not-null="true" length="100" sql-type="NVARCHAR(100)" />
    </property>
    <many-to-one name="DocumentInfo" class="DocumentInfo">
      <column name="DOCUMENT_INFO" not-null="true" precision="19" scale="0" sql-type="BIGINT" />
    </many-to-one>
    <many-to-one name="FirmAccount" class="FirmAccount">
      <column name="ACCOUNT_ID" not-null="true" precision="19" scale="0" sql-type="BIGINT" />
    </many-to-one>
    <many-to-one name="FirmMember" class="FirmMember">
      <column name="FIRM_MEMBER_ID" not-null="true" precision="19" scale="0" sql-type="BIGINT" />
    </many-to-one>
    <many-to-one name="PaymentMaster" class="PaymentMaster">
      <column name="PAYMENT_MASTER_ID" not-null="true" precision="19" scale="0" sql-type="BIGINT" />
    </many-to-one>
    <many-to-one name="Property" class="Property">
      <column name="PROPERTY_ID" not-null="true" precision="19" scale="0" sql-type="BIGINT" />
    </many-to-one>
    <many-to-one name="Supplier" class="Supplier">
      <column name="SUPPLIER_ID" not-null="true" precision="19" scale="0" sql-type="BIGINT" />
    </many-to-one>
    <set name="PurchaseDetails" inverse="true" generic="true">
      <key>
        <column name="MASTER_ID" />
      </key>
      <one-to-many class="PurchaseDetail" />
    </set>
  </class>
</hibernate-mapping>
