﻿<?xml version="1.0" encoding="utf-8"?>
<hibernate-mapping assembly="ConstroSoft" namespace="ConstroSoft" xmlns="urn:nhibernate-mapping-2.2">
  <class name="Supplier" table="SUPPLIER" >
    <id name="Id" type="Int64">
      <column name="ID" not-null="true" precision="19" scale="0" sql-type="BIGINT" />
      <generator class="identity" />
    </id>
    <version name="Version" column="VERSION" type="Int64"/>
    <property name="Name" type="String">
      <column name="NAME" not-null="true" length="100" sql-type="NVARCHAR(100)" />
    </property>
    <property name="RegistrationNo" type="String">
      <column name="REGISTRATION_NO" not-null="false" length="100" sql-type="NVARCHAR(100)" />
    </property>
    <property name="Website" type="String">
      <column name="WEBSITE" not-null="false" length="100" sql-type="NVARCHAR(100)" />
    </property>
    <property name="PrimPersonName" type="String">
      <column name="PRIM_PERSON_NAME" not-null="true" length="100" sql-type="NVARCHAR(100)" />
    </property>
    <property name="PrimPersonPhone" type="String">
      <column name="PRIM_PERSON_PHONE" not-null="true" length="15" sql-type="NVARCHAR(15)" />
    </property>
    <property name="PrimPersonEmail" type="String">
      <column name="PRIM_PERSON_EMAIL" not-null="false" length="100" sql-type="NVARCHAR(100)" />
    </property>
    <property name="Description" type="String">
      <column name="DESCRIPTION" not-null="false" length="255" sql-type="NVARCHAR(255)" />
    </property>
    <property name="Status" type="String">
      <column name="STATUS" not-null="true" length="1" sql-type="NVARCHAR(1)" />
    </property>
    <property name="StatusReason" type="String">
      <column name="STATUS_REASON" not-null="false" length="100" sql-type="NVARCHAR(100)" />
    </property>
    <property name="PreferedRemark" type="String">
      <column name="PREFERED_REMARK" not-null="false" length="1" sql-type="NVARCHAR(1)" />
    </property>
    <property name="RemarkReason" type="String">
      <column name="REMARK_REASON" not-null="false" length="100" sql-type="NVARCHAR(100)" />
    </property>
    <property name="FirmNumber" type="String">
      <column name="FIRM_NUMBER" not-null="true" length="10" sql-type="NVARCHAR(10)" />
    </property>
    <property name="InsertDate" type="DateTime">
      <column name="INSERT_DATE" default="getdate()" not-null="true" sql-type="DATETIME" />
    </property>
    <property name="UpdateDate" type="DateTime">
      <column name="UPDATE_DATE" default="getdate()" not-null="true" sql-type="DATETIME" />
    </property>
    <property name="InsertUser" type="String">
      <column name="INSERT_USER" not-null="true" length="100" sql-type="NVARCHAR(100)" />
    </property>
    <property name="UpdateUser" type="String">
      <column name="UPDATE_USER" not-null="true" length="100" sql-type="NVARCHAR(100)" />
    </property>
    <many-to-one name="ContactInfo" class="ContactInfo">
      <column name="CONTACT_INFO_ID" not-null="true" precision="19" scale="0" sql-type="BIGINT" />
    </many-to-one>
    <many-to-one name="DocumentInfo" class="DocumentInfo">
      <column name="DOCUMENT_INFO" not-null="true" precision="19" scale="0" sql-type="BIGINT" />
    </many-to-one>
    <set name="PurchaseMasters" inverse="true" generic="true">
      <key>
        <column name="SUPPLIER_ID" />
      </key>
      <one-to-many class="PurchaseMaster" />
    </set>
    <set name="SupplierItems" inverse="true" generic="true">
      <key>
        <column name="SUPPLIER_ID" />
      </key>
      <one-to-many class="SupplierItem" />
    </set>
  </class>
</hibernate-mapping>
