﻿<?xml version="1.0" encoding="utf-8"?>
<hibernate-mapping assembly="ConstroSoft" namespace="ConstroSoft" xmlns="urn:nhibernate-mapping-2.2">
  <class name="PropertySchedule" table="PROPERTY_SCHEDULE" >
    <id name="Id" type="Int64">
      <column name="ID" not-null="true" precision="19" scale="0" sql-type="BIGINT" />
      <generator class="identity" />
    </id>
    <version name="Version" column="VERSION" type="Int64"/>
    <property name="Stage" type="String">
      <column name="STAGE" not-null="true" length="255" sql-type="NVARCHAR(255)" />
    </property>
    <property name="Percentage" type="Decimal">
      <column name="PERCENTAGE" not-null="false" precision="5" scale="2" sql-type="NUMERIC(5,2)" />
    </property>
    <property name="Status" type="PRScheduleStageStatus">
      <column name="STATUS" not-null="false" length="1" sql-type="NVARCHAR(1)" />
    </property>
    <property name="StageNumber" type="Int32">
      <column name="STAGE_NUMBER" not-null="false" precision="10" scale="0" sql-type="INT" />
    </property>
    <property name="FirmNumber" type="String">
      <column name="FIRM_NUMBER" not-null="true" length="10" sql-type="NVARCHAR(10)" />
    </property>
    <property name="InsertDate" type="DateTime">
      <column name="INSERT_DATE" default="getdate()" not-null="true" sql-type="DATETIME" />
    </property>
    <property name="UpdateDate" type="DateTime">
      <column name="UPDATE_DATE" default="getdate()" not-null="true" sql-type="DATETIME" />
    </property>
    <property name="InsertUser" type="String">
      <column name="INSERT_USER" not-null="true" length="100" sql-type="NVARCHAR(100)" />
    </property>
    <property name="UpdateUser" type="String">
      <column name="UPDATE_USER" not-null="true" length="100" sql-type="NVARCHAR(100)" />
    </property>
    <many-to-one name="PropertyTower" class="PropertyTower">
      <column name="PR_TOWER_ID" not-null="true" precision="19" scale="0" sql-type="BIGINT" />
    </many-to-one>
  </class>
</hibernate-mapping>
