﻿<?xml version="1.0" encoding="utf-8"?>
<hibernate-mapping assembly="ConstroSoft" namespace="ConstroSoft" xmlns="urn:nhibernate-mapping-2.2">
  <class name="FirmAccount" table="FIRM_ACCOUNT" >
    <id name="Id" type="Int64">
      <column name="ID" not-null="true" precision="19" scale="0" sql-type="BIGINT" />
      <generator class="identity" />
    </id>
    <version name="Version" column="VERSION" type="Int64"/>
    <property name="Name" type="String">
      <column name="NAME" not-null="true" length="100" sql-type="NVARCHAR(100)" />
    </property>
    <property name="AccountNo" type="String">
      <column name="ACCOUNT_NO" not-null="true" length="100" sql-type="NVARCHAR(100)" />
    </property>
    <property name="AccountBalance" type="Decimal">
      <column name="ACCOUNT_BALANCE" not-null="false" precision="18" scale="2" sql-type="NUMERIC(18,2)" />
    </property>
    <property name="IfscCode" type="String">
      <column name="IFSC_CODE" not-null="false" length="50" sql-type="NVARCHAR(50)" />
    </property>
    <property name="BankName" type="String">
      <column name="BANK_NAME" not-null="false" length="100" sql-type="NVARCHAR(100)" />
    </property>
    <property name="Branch" type="String">
      <column name="BRANCH" not-null="false" length="100" sql-type="NVARCHAR(100)" />
    </property>
    <property name="FirmNumber" type="String">
      <column name="FIRM_NUMBER" not-null="true" length="10" sql-type="NVARCHAR(10)" />
    </property>
    <property name="InsertDate" type="DateTime">
      <column name="INSERT_DATE" default="getdate()" not-null="true" sql-type="DATETIME" />
    </property>
    <property name="UpdateDate" type="DateTime">
      <column name="UPDATE_DATE" default="getdate()" not-null="true" sql-type="DATETIME" />
    </property>
    <property name="InsertUser" type="String">
      <column name="INSERT_USER" not-null="true" length="100" sql-type="NVARCHAR(100)" />
    </property>
    <property name="UpdateUser" type="String">
      <column name="UPDATE_USER" not-null="true" length="100" sql-type="NVARCHAR(100)" />
    </property>
    <many-to-one name="City" class="City">
      <column name="CITY" not-null="false" precision="19" scale="0" sql-type="BIGINT" />
    </many-to-one>
    <many-to-one name="Country" class="Country">
      <column name="COUNTRY" not-null="false" precision="19" scale="0" sql-type="BIGINT" />
    </many-to-one>
    <many-to-one name="Firm" class="Firm">
      <column name="FIRM_ID" not-null="true" precision="19" scale="0" sql-type="BIGINT" />
    </many-to-one>
    <many-to-one name="AccountType" class="MasterControlData">
      <column name="ACCOUNT_TYPE" not-null="true" precision="19" scale="0" sql-type="BIGINT" />
    </many-to-one>
    <many-to-one name="State" class="State">
      <column name="STATE" not-null="false" precision="19" scale="0" sql-type="BIGINT" />
    </many-to-one>
    <set name="AccountTransactions" inverse="true" generic="true">
      <key>
        <column name="ACCOUNT_ID" />
      </key>
      <one-to-many class="AccountTransaction" />
    </set>
    <set name="ContractorPayments" inverse="true" generic="true">
      <key>
        <column name="ACCOUNT_ID" />
      </key>
      <one-to-many class="ContractorPayment" />
    </set>
    <set name="FirmAcntDeposites" inverse="true" generic="true">
      <key>
        <column name="ACCOUNT_ID" />
      </key>
      <one-to-many class="FirmAcntDeposite" />
    </set>
    <set name="Properties" inverse="true" generic="true">
      <key>
        <column name="ACCOUNT_ID" />
      </key>
      <one-to-many class="Property" />
    </set>
    <set name="PurchaseMasters" inverse="true" generic="true">
      <key>
        <column name="ACCOUNT_ID" />
      </key>
      <one-to-many class="PurchaseMaster" />
    </set>
  </class>
</hibernate-mapping>
