﻿<?xml version="1.0" encoding="utf-8"?>
<hibernate-mapping assembly="ConstroSoft" namespace="ConstroSoft" xmlns="urn:nhibernate-mapping-2.2">
  <class name="MasterControlData" table="MASTER_CONTROL_DATA" >
    <id name="Id" type="Int64">
      <column name="ID" not-null="true" precision="19" scale="0" sql-type="BIGINT" />
      <generator class="identity" />
    </id>
    <version name="Version" column="VERSION" type="Int64"/>
    <property name="Type" type="String">
      <column name="TYPE" not-null="true" length="50" sql-type="NVARCHAR(50)" />
    </property>
    <property name="Name" type="String">
      <column name="NAME" not-null="true" length="100" sql-type="NVARCHAR(100)" />
    </property>
    <property name="Description" type="String">
      <column name="DESCRIPTION" not-null="false" length="255" sql-type="NVARCHAR(255)" />
    </property>
    <property name="SystemDefined" type="SystemDefinedStringType">
      <column name="SYSTEM_DEFINED" default="'N'" not-null="true" length="1" sql-type="NVARCHAR(1)" />
    </property>
    <property name="FirmNumber" type="String">
      <column name="FIRM_NUMBER" not-null="true" length="10" sql-type="NVARCHAR(10)" />
    </property>
    <property name="InsertDate" type="DateTime">
      <column name="INSERT_DATE" default="getdate()" not-null="true" sql-type="DATETIME" />
    </property>
    <property name="UpdateDate" type="DateTime">
      <column name="UPDATE_DATE" default="getdate()" not-null="true" sql-type="DATETIME" />
    </property>
    <property name="InsertUser" type="String">
      <column name="INSERT_USER" not-null="true" length="100" sql-type="NVARCHAR(100)" />
    </property>
    <property name="UpdateUser" type="String">
      <column name="UPDATE_USER" not-null="true" length="100" sql-type="NVARCHAR(100)" />
    </property>
    <set name="Addresses" inverse="true" generic="true">
      <key>
        <column name="ADDRESS_TYPE" />
      </key>
      <one-to-many class="Address" />
    </set>
    <set name="CoCustomers_SALUTATION_ID" inverse="true" generic="true">
      <key>
        <column name="SALUTATION_ID" />
      </key>
      <one-to-many class="CoCustomer" />
    </set>
    <set name="CoCustomers_RELATION_WH_PRIM_CUST" inverse="true" generic="true">
      <key>
        <column name="RELATION_WH_PRIM_CUST" />
      </key>
      <one-to-many class="CoCustomer" />
    </set>
    <set name="CoCustomers_OCCUPATION" inverse="true" generic="true">
      <key>
        <column name="OCCUPATION" />
      </key>
      <one-to-many class="CoCustomer" />
    </set>
    <set name="Contractors" inverse="true" generic="true">
      <key>
        <column name="TYPE_ID" />
      </key>
      <one-to-many class="Contractor" />
    </set>
    <set name="Customers_SALUTATION_ID" inverse="true" generic="true">
      <key>
        <column name="SALUTATION_ID" />
      </key>
      <one-to-many class="Customer" />
    </set>
    <set name="Customers_OCCUPATION" inverse="true" generic="true">
      <key>
        <column name="OCCUPATION" />
      </key>
      <one-to-many class="Customer" />
    </set>
    <set name="Documents" inverse="true" generic="true">
      <key>
        <column name="DOCUMENT_TYPE" />
      </key>
      <one-to-many class="Document" />
    </set>
    <set name="EnquiryDetails_SALUTATION_ID" inverse="true" generic="true">
      <key>
        <column name="SALUTATION_ID" />
      </key>
      <one-to-many class="EnquiryDetail" />
    </set>
    <set name="EnquiryDetails_OCCUPATION" inverse="true" generic="true">
      <key>
        <column name="OCCUPATION" />
      </key>
      <one-to-many class="EnquiryDetail" />
    </set>
    <set name="EnquiryDetails_PROPERTY_TYPE" inverse="true" generic="true">
      <key>
        <column name="PROPERTY_TYPE" />
      </key>
      <one-to-many class="EnquiryDetail" />
    </set>
    <set name="EnquiryDetails_PROPERTY_LOCATION" inverse="true" generic="true">
      <key>
        <column name="PROPERTY_LOCATION" />
      </key>
      <one-to-many class="EnquiryDetail" />
    </set>
    <set name="EnquiryDetails_PR_UNIT_TYPE" inverse="true" generic="true">
      <key>
        <column name="PR_UNIT_TYPE" />
      </key>
      <one-to-many class="EnquiryDetail" />
    </set>
    <set name="EnquiryDetails_ENQUIRY_SOURCE" inverse="true" generic="true">
      <key>
        <column name="ENQUIRY_SOURCE" />
      </key>
      <one-to-many class="EnquiryDetail" />
    </set>
    <set name="EnquiryFollowups" inverse="true" generic="true">
      <key>
        <column name="COMMUNICATION_MEDIA" />
      </key>
      <one-to-many class="EnquiryFollowup" />
    </set>
    <set name="FirmAccounts" inverse="true" generic="true">
      <key>
        <column name="ACCOUNT_TYPE" />
      </key>
      <one-to-many class="FirmAccount" />
    </set>
    <set name="FirmMembers_SALUTATION_ID" inverse="true" generic="true">
      <key>
        <column name="SALUTATION_ID" />
      </key>
      <one-to-many class="FirmMember" />
    </set>
    <set name="FirmMembers_DESIGNATION_ID" inverse="true" generic="true">
      <key>
        <column name="DESIGNATION_ID" />
      </key>
      <one-to-many class="FirmMember" />
    </set>
    <set name="PrUnitSalePymts" inverse="true" generic="true">
      <key>
        <column name="PYMT_TYPE" />
      </key>
      <one-to-many class="PrUnitSalePymt" />
    </set>
    <set name="PrUnitSaleTaxDetails" inverse="true" generic="true">
      <key>
        <column name="TAX_TYPE" />
      </key>
      <one-to-many class="PrUnitSaleTaxDetail" />
    </set>
    <set name="Properties_TYPE_ID" inverse="true" generic="true">
      <key>
        <column name="TYPE_ID" />
      </key>
      <one-to-many class="Property" />
    </set>
    <set name="Properties_LOCATION_ID" inverse="true" generic="true">
      <key>
        <column name="LOCATION_ID" />
      </key>
      <one-to-many class="Property" />
    </set>
    <set name="PropertyCharges" inverse="true" generic="true">
      <key>
        <column name="CHARGE_TYPE" />
      </key>
      <one-to-many class="PropertyCharge" />
    </set>
    <set name="PropertyExpenses_EXPENSE_TYPE" inverse="true" generic="true">
      <key>
        <column name="EXPENSE_TYPE" />
      </key>
      <one-to-many class="PropertyExpense" />
    </set>
    <set name="PropertyExpenses_AGENCY_NAME" inverse="true" generic="true">
      <key>
        <column name="AGENCY_NAME" />
      </key>
      <one-to-many class="PropertyExpense" />
    </set>
    <set name="PropertyParkings" inverse="true" generic="true">
      <key>
        <column name="PARKING_TYPE" />
      </key>
      <one-to-many class="PropertyParking" />
    </set>
    <set name="PropertyTaxDetails" inverse="true" generic="true">
      <key>
        <column name="TAX_TYPE" />
      </key>
      <one-to-many class="PropertyTaxDetail" />
    </set>
    <set name="PropertyUnits_UNIT_TYPE_ID" inverse="true" generic="true">
      <key>
        <column name="UNIT_TYPE_ID" />
      </key>
      <one-to-many class="PropertyUnit" />
    </set>
    <set name="PropertyUnits_FACING" inverse="true" generic="true">
      <key>
        <column name="FACING" />
      </key>
      <one-to-many class="PropertyUnit" />
    </set>
    <set name="PropertyUnits_DIRECTION" inverse="true" generic="true">
      <key>
        <column name="DIRECTION" />
      </key>
      <one-to-many class="PropertyUnit" />
    </set>
    <set name="PurchaseDetails" inverse="true" generic="true">
      <key>
        <column name="QUALITY" />
      </key>
      <one-to-many class="PurchaseDetail" />
    </set>
    <set name="StockMasters" inverse="true" generic="true">
      <key>
        <column name="QUALITY" />
      </key>
      <one-to-many class="StockMaster" />
    </set>
    <set name="SupplierItems_TYPE_ID" inverse="true" generic="true">
      <key>
        <column name="TYPE_ID" />
      </key>
      <one-to-many class="SupplierItem" />
    </set>
    <set name="SupplierItems_QUALITY" inverse="true" generic="true">
      <key>
        <column name="QUALITY" />
      </key>
      <one-to-many class="SupplierItem" />
    </set>
    <set name="UserDefinitions" inverse="true" generic="true">
      <key>
        <column name="SECURITY_QUESTION" />
      </key>
      <one-to-many class="UserDefinition" />
    </set>
  </class>
</hibernate-mapping>
