﻿<?xml version="1.0" encoding="utf-8"?>
<hibernate-mapping assembly="ConstroSoft" namespace="ConstroSoft" xmlns="urn:nhibernate-mapping-2.2">
  <class name="CoCustomer" table="CO_CUSTOMER" >
    <id name="Id" type="Int64">
      <column name="ID" not-null="true" precision="19" scale="0" sql-type="BIGINT" />
      <generator class="identity" />
    </id>
    <property name="FirstName" type="String">
      <column name="FIRST_NAME" not-null="true" length="100" sql-type="NVARCHAR(100)" />
    </property>
    <property name="MiddleName" type="String">
      <column name="MIDDLE_NAME" not-null="false" length="100" sql-type="NVARCHAR(100)" />
    </property>
    <property name="LastName" type="String">
      <column name="LAST_NAME" not-null="false" length="100" sql-type="NVARCHAR(100)" />
    </property>
    <property name="Pan" type="String">
      <column name="PAN" not-null="false" length="50" sql-type="NVARCHAR(50)" />
    </property>
    <property name="IsPoa" type="IsPoaStringType">
      <column name="IS_POA" default="'N'" not-null="false" length="1" sql-type="NVARCHAR(1)" />
    </property>
    <property name="FirmNumber" type="String">
      <column name="FIRM_NUMBER" not-null="true" length="10" sql-type="NVARCHAR(10)" />
    </property>
    <many-to-one name="PrUnitSaleDetail" class="PrUnitSaleDetail">
      <column name="PR_UNIT_SALE_ID" not-null="true" precision="19" scale="0" sql-type="BIGINT" />
    </many-to-one>
    <many-to-one name="SalutationId" class="MasterControlData">
      <column name="SALUTATION_ID" not-null="true" precision="19" scale="0" sql-type="BIGINT" />
    </many-to-one>
    <many-to-one name="ContactInfo" class="ContactInfo" cascade="all-delete-orphan">
      <column name="CONTACT_INFO_ID" not-null="true" precision="19" scale="0" sql-type="BIGINT" />
    </many-to-one>
    <many-to-one name="RelationWhPrimCust" class="MasterControlData">
      <column name="RELATION_WH_PRIM_CUST" not-null="false" precision="19" scale="0" sql-type="BIGINT" />
    </many-to-one>
    <many-to-one name="Occupation" class="MasterControlData">
      <column name="OCCUPATION" not-null="false" precision="19" scale="0" sql-type="BIGINT" />
    </many-to-one>
  </class>
</hibernate-mapping>
