﻿<?xml version="1.0" encoding="utf-8"?>
<hibernate-mapping assembly="ConstroSoft" namespace="ConstroSoft" xmlns="urn:nhibernate-mapping-2.2">
  <class name="EnquiryFollowup" table="ENQUIRY_FOLLOWUP" >
    <id name="Id" type="Int64">
      <column name="ID" not-null="true" precision="19" scale="0" sql-type="BIGINT" />
      <generator class="identity" />
    </id>
    <version name="Version" column="VERSION" type="Int64"/>
    <property name="FollowupDate" type="DateTime">
      <column name="FOLLOWUP_DATE" not-null="false" sql-type="DATE" />
    </property>
    <property name="Comments" type="String">
      <column name="COMMENTS" not-null="false" length="255" sql-type="NVARCHAR(255)" />
    </property>
    <property name="FirmNumber" type="String">
      <column name="FIRM_NUMBER" not-null="true" length="10" sql-type="NVARCHAR(10)" />
    </property>
    <property name="InsertDate" type="DateTime">
      <column name="INSERT_DATE" default="getdate()" not-null="true" sql-type="DATETIME" />
    </property>
    <property name="UpdateDate" type="DateTime">
      <column name="UPDATE_DATE" default="getdate()" not-null="true" sql-type="DATETIME" />
    </property>
    <property name="InsertUser" type="String">
      <column name="INSERT_USER" not-null="true" length="100" sql-type="NVARCHAR(100)" />
    </property>
    <property name="UpdateUser" type="String">
      <column name="UPDATE_USER" not-null="true" length="100" sql-type="NVARCHAR(100)" />
    </property>
    <many-to-one name="EnquiryDetail" class="EnquiryDetail">
      <column name="ENQUIRY_ID" not-null="true" precision="19" scale="0" sql-type="BIGINT" />
    </many-to-one>
    <many-to-one name="FirmMember" class="FirmMember">
      <column name="EMPLOYEE_ID" not-null="true" precision="19" scale="0" sql-type="BIGINT" />
    </many-to-one>
    <many-to-one name="CommunicationMedia" class="MasterControlData">
      <column name="COMMUNICATION_MEDIA" not-null="false" precision="19" scale="0" sql-type="BIGINT" />
    </many-to-one>
  </class>
</hibernate-mapping>
