﻿<?xml version="1.0" encoding="utf-8"?>
<hibernate-mapping assembly="ConstroSoft" namespace="ConstroSoft" xmlns="urn:nhibernate-mapping-2.2">
  <class name="SecurityQuestion" table="SECURITY_QUESTION" >
    <id name="Id" type="Int64">
      <column name="ID" not-null="true" precision="19" scale="0" sql-type="BIGINT" />
      <generator class="identity" />
    </id>
    <property name="Question" type="String">
      <column name="QUESTION" not-null="true" length="255" sql-type="NVARCHAR(255)" />
    </property>
  </class>
</hibernate-mapping>
