﻿<?xml version="1.0" encoding="utf-8"?>
<hibernate-mapping assembly="ConstroSoft" namespace="ConstroSoft" xmlns="urn:nhibernate-mapping-2.2">
  <class name="Agency" table="AGENCY" >
    <id name="Id" type="Int64">
      <column name="ID" not-null="true" precision="19" scale="0" sql-type="BIGINT" />
      <generator class="identity" />
    </id>
    <version name="Version" column="VERSION" type="Int64"/>
    <property name="OwnerName" type="String">
      <column name="OWNER_NAME" not-null="true" length="255" sql-type="NVARCHAR(255)" />
    </property>
    <property name="AgencyName" type="String">
      <column name="AGENCY_NAME" not-null="true" length="255" sql-type="NVARCHAR(255)" />
    </property>
    <property name="RegistrationNo" type="String">
      <column name="REGISTRATION_NO" not-null="true" length="255" sql-type="NVARCHAR(255)" />
    </property>
    <property name="Description" type="String">
      <column name="DESCRIPTION" not-null="false" length="255" sql-type="NVARCHAR(255)" />
    </property>
    <property name="Pan" type="String">
      <column name="PAN" not-null="false" length="100" sql-type="NVARCHAR(100)" />
    </property>
    <property name="Salestaxnumber" type="String">
      <column name="SALESTAXNUMBER" not-null="false" length="100" sql-type="NVARCHAR(100)" />
    </property>
    <property name="Centralsalestaxnumber" type="String">
      <column name="CENTRALSALESTAXNUMBER" not-null="false" length="100" sql-type="NVARCHAR(100)" />
    </property>
    <property name="Groupname" type="String">
      <column name="GROUPNAME" not-null="false" length="100" sql-type="NVARCHAR(100)" />
    </property>
    <property name="Taxclassification" type="String">
      <column name="TAXCLASSIFICATIONNAME" not-null="false" length="100" sql-type="NVARCHAR(100)" />
    </property>
    <property name="Taxtype" type="String">
      <column name="TAXTYPE" not-null="false" length="100" sql-type="NVARCHAR(100)" />
    </property>
    <property name="Billwise" type="String">
      <column name="ISBILLWISEON" not-null="false" length="100" sql-type="NVARCHAR(100)" />
    </property>
    <property name="Currency" type="String">
      <column name="CURRENCYNAME" not-null="false" length="100" sql-type="NVARCHAR(100)" />
    </property>
    <property name="Tallystatus" type="String">
      <column name="TALLYPOSTSTATUS" not-null="false" length="20" sql-type="NVARCHAR(20)" />
    </property>
    <property name="FirmNumber" type="String">
      <column name="FIRM_NUMBER" not-null="true" length="10" sql-type="NVARCHAR(10)" />
    </property>
    <property name="InsertDate" type="DateTime">
      <column name="INSERT_DATE" default="getdate()" not-null="true" sql-type="DATETIME" />
    </property>
    <property name="UpdateDate" type="DateTime">
      <column name="UPDATE_DATE" default="getdate()" not-null="true" sql-type="DATETIME" />
    </property>
    <property name="InsertUser" type="String">
      <column name="INSERT_USER" not-null="true" length="100" sql-type="NVARCHAR(100)" />
    </property>
    <property name="UpdateUser" type="String">
      <column name="UPDATE_USER" not-null="true" length="100" sql-type="NVARCHAR(100)" />
    </property>
    <many-to-one name="ContactInfo" class="ContactInfo" cascade="all-delete-orphan">
      <column name="CONTACT_INFO_ID" not-null="true" precision="19" scale="0" sql-type="BIGINT" />
    </many-to-one>
    <many-to-one name="AgencyType" class="MasterControlData">
      <column name="AGENCY_TYPE" not-null="false" precision="19" scale="0" sql-type="BIGINT" />
    </many-to-one>
    <many-to-one name="DocumentInfo" class="DocumentInfo" cascade="all-delete-orphan">
      <column name="DOCUMENT_INFO" not-null="false" precision="19" scale="0" sql-type="BIGINT" />
    </many-to-one>
    <many-to-one name="MPTAgencyBook" class="MPTBook" cascade="all-delete-orphan">
      <column name="MPT_BOOK" not-null="false" precision="19" scale="0" sql-type="BIGINT" />
    </many-to-one>
  </class>
</hibernate-mapping>
