﻿<?xml version="1.0" encoding="utf-8"?>
<hibernate-mapping assembly="ConstroSoft" namespace="ConstroSoft" xmlns="urn:nhibernate-mapping-2.2">
  <class name="PaymentLedger" table="PAYMENT_LEDGER" >
    <id name="Id" type="Int64">
      <column name="ID" not-null="true" precision="19" scale="0" sql-type="BIGINT" />
      <generator class="identity" />
    </id>
    <version name="Version" column="VERSION" type="Int64"/>
    <property name="LedgerName" type="String">
      <column name="LEDGERNAME" not-null="true" length="100" sql-type="NVARCHAR(100)" />
    </property>
    <property name="LedgerType" type="String">
      <column name="LEDGERTYPE" not-null="true" length="10" sql-type="NVARCHAR(10)" />
    </property>
    <property name="IsDeemedPositive" type="String">
      <column name="ISDEEMEDPOSITIVE" not-null="false" length="10" sql-type="NVARCHAR(10)" />
    </property>
    <property name="LedgerFromItem" type="String">
      <column name="LEDGERFROMITEM" not-null="false" length="10" sql-type="NVARCHAR(10)" />
    </property>
    <property name="RemoveZeroEntries" type="String">
      <column name="REMOVEZEROENTRIES" not-null="false" length="10" sql-type="NVARCHAR(10)" />
    </property>
    <property name="IsPartyLedger" type="String">
      <column name="ISPARTYLEDGER" not-null="true" length="10" sql-type="NVARCHAR(10)" />
    </property>
    <property name="IsLastDeemedPositive" type="String">
      <column name="ISLASTDEEMEDPOSITIVE" not-null="false" length="10" sql-type="NVARCHAR(10)" />
    </property>
    <property name="Amount" type="Decimal">
      <column name="AMOUNT" not-null="true" precision="18" scale="2" sql-type="NUMERIC(18,2)" />
    </property>
    <property name="VatexpAmount" type="Decimal">
      <column name="VATEXPAMOUNT" not-null="true" precision="18" scale="2" sql-type="NUMERIC(18,2)" />
    </property>
    <property name="FirmNumber" type="String">
      <column name="FIRM_NUMBER" not-null="true" length="10" sql-type="NVARCHAR(10)" />
    </property>
    <property name="InsertDate" type="DateTime">
      <column name="INSERT_DATE" default="getdate()" not-null="true" sql-type="DATETIME" />
    </property>
    <property name="UpdateDate" type="DateTime">
      <column name="UPDATE_DATE" default="getdate()" not-null="true" sql-type="DATETIME" />
    </property>
    <property name="InsertUser" type="String">
      <column name="INSERT_USER" not-null="true" length="100" sql-type="NVARCHAR(100)" />
    </property>
    <property name="UpdateUser" type="String">
      <column name="UPDATE_USER" not-null="true" length="100" sql-type="NVARCHAR(100)" />
    </property>
    <many-to-one name="PaymentVoucher" class="PaymentVoucher">
      <column name="PYMT_VOUCHER_ID" not-null="true" precision="19" scale="0" sql-type="BIGINT" />
    </many-to-one>
     </class>
</hibernate-mapping>
