﻿<?xml version="1.0" encoding="utf-8"?>
<hibernate-mapping assembly="ConstroSoft" namespace="ConstroSoft" xmlns="urn:nhibernate-mapping-2.2">
  <class name="Property" table="PROPERTY" >
    <id name="Id" type="Int64">
      <column name="ID" not-null="true" precision="19" scale="0" sql-type="BIGINT" />
      <generator class="identity" />
    </id>
    <version name="Version" column="VERSION" type="Int64"/>
    <property name="Name" type="String">
      <column name="NAME" not-null="true" length="100" sql-type="NVARCHAR(100)" />
    </property>
    <property name="PropertyArea" type="Decimal">
      <column name="PROPERTY_AREA" not-null="false" precision="10" scale="3" sql-type="NUMERIC(10,3)" />
    </property>
    <property name="Description" type="String">
      <column name="DESCRIPTION" not-null="false" length="255" sql-type="NVARCHAR(255)" />
    </property>
    <property name="EstimatedAmt" type="Decimal">
      <column name="ESTIMATED_AMT" not-null="false" precision="18" scale="2" sql-type="NUMERIC(18,2)" />
    </property>
    <property name="ReraRegNo" type="String">
      <column name="RERA_REG_NO" not-null="false" length="50" sql-type="NVARCHAR(50)" />
    </property>
    <property name="FirmNumber" type="String">
      <column name="FIRM_NUMBER" not-null="true" length="10" sql-type="NVARCHAR(10)" />
    </property>
    <property name="InsertDate" type="DateTime">
      <column name="INSERT_DATE" default="getdate()" not-null="true" sql-type="DATETIME" />
    </property>
    <property name="UpdateDate" type="DateTime">
      <column name="UPDATE_DATE" default="getdate()" not-null="true" sql-type="DATETIME" />
    </property>
    <property name="InsertUser" type="String">
      <column name="INSERT_USER" not-null="true" length="100" sql-type="NVARCHAR(100)" />
    </property>
    <property name="UpdateUser" type="String">
      <column name="UPDATE_USER" not-null="true" length="100" sql-type="NVARCHAR(100)" />
    </property>
    <many-to-one name="ContactInfo" class="ContactInfo" cascade="all-delete-orphan">
      <column name="CONTACT_INFO_ID" not-null="true" precision="19" scale="0" sql-type="BIGINT" />
    </many-to-one>
    <many-to-one name="FirmAccount" class="FirmAccount">
      <column name="ACCOUNT_ID" not-null="true" precision="19" scale="0" sql-type="BIGINT" />
    </many-to-one>
    <many-to-one name="PropertyType" class="MasterControlData">
      <column name="TYPE_ID" not-null="true" precision="19" scale="0" sql-type="BIGINT" />
    </many-to-one>
    <many-to-one name="PropertyLocation" class="MasterControlData">
      <column name="LOCATION_ID" not-null="true" precision="19" scale="0" sql-type="BIGINT" />
    </many-to-one>
    <set name="EnquiryDetails" inverse="true" generic="true">
      <key>
        <column name="PROPERTY" />
      </key>
      <one-to-many class="EnquiryDetail" />
    </set>
    <set name="PropertyCharges" inverse="true" generic="true" cascade="all-delete-orphan">
      <key>
        <column name="PROPERTY_ID" />
      </key>
      <one-to-many class="PropertyCharge" />
    </set>
    <set name="PropertyExpenses" inverse="true" generic="true">
      <key>
        <column name="PROPERTY_ID" />
      </key>
      <one-to-many class="PropertyExpense" />
    </set>
    <set name="PropertyTaxDetails" inverse="true" generic="true" cascade="all-delete-orphan">
      <key>
        <column name="PROPERTY_ID" />
      </key>
      <one-to-many class="PropertyTaxDetail" />
    </set>
    <set name="PropertyAlertConfigs" inverse="true" generic="true" cascade="all-delete-orphan">
      <key>
        <column name="PROPERTY_ID" />
      </key>
      <one-to-many class="PropertyAlertConfig" />
    </set>
    <set name="PropertyTowers" inverse="true" generic="true" cascade="all-delete-orphan">
      <key>
        <column name="PROPERTY_ID" />
      </key>
      <one-to-many class="PropertyTower" />
    </set>
    <set name="PropertyFMAccess" inverse="true" generic="true">
      <key>
        <column name="PROPERTY_ID" />
      </key>
      <one-to-many class="PropertyFMAccess" />
    </set>
  </class>
</hibernate-mapping>
