﻿<?xml version="1.0" encoding="utf-8"?>
<hibernate-mapping assembly="ConstroSoft" namespace="ConstroSoft" xmlns="urn:nhibernate-mapping-2.2">
  <class name="PostDatedCheque" table="POST_DATED_CHEQUE" >
    <id name="Id" type="Int64">
      <column name="ID" not-null="true" precision="19" scale="0" sql-type="BIGINT" />
      <generator class="identity" />
    </id>
    <version name="Version" column="VERSION" type="Int64"/>
    <property name="CollectionDate" type="DateTime">
      <column name="COLLECTION_DATE" not-null="true" sql-type="DATE" />
    </property>
    <property name="ChequeDate" type="DateTime">
      <column name="CHEQUE_DATE" not-null="false" sql-type="DATE" />
    </property>
    <property name="PymtAmt" type="Decimal">
      <column name="PYMT_AMT" not-null="true" precision="18" scale="2" sql-type="NUMERIC(18,2)" />
    </property>
    <property name="BankName" type="String">
      <column name="BANK_NAME" not-null="false" length="100" sql-type="NVARCHAR(100)" />
    </property>
    <property name="Branch" type="String">
      <column name="BRANCH" not-null="false" length="100" sql-type="NVARCHAR(100)" />
    </property>
    <property name="ChequeNo" type="String">
      <column name="CHEQUE_NO" not-null="false" length="50" sql-type="NVARCHAR(50)" />
    </property>
    <property name="ChequeStatus" type="PdcChequeStatusStringType">
      <column name="CHEQUE_STATUS" not-null="false" length="1" sql-type="NVARCHAR(1)" />
    </property>
    <property name="Description" type="String">
      <column name="DESCRIPTION" not-null="false" length="255" sql-type="NVARCHAR(255)" />
    </property>
    <property name="PymtStatus" type="PdcPymtStatusStringType">
      <column name="PYMT_STATUS" not-null="false" length="1" sql-type="NVARCHAR(1)" />
    </property>
    <property name="ClearanceDate" type="DateTime">
      <column name="CLEARANCE_DATE" not-null="false" sql-type="DATE" />
    </property>
    <property name="FirmNumber" type="String">
      <column name="FIRM_NUMBER" not-null="true" length="10" sql-type="NVARCHAR(10)" />
    </property>
    <property name="InsertDate" type="DateTime">
      <column name="INSERT_DATE" default="getdate()" not-null="true" sql-type="DATETIME" />
    </property>
    <property name="UpdateDate" type="DateTime">
      <column name="UPDATE_DATE" default="getdate()" not-null="true" sql-type="DATETIME" />
    </property>
    <property name="InsertUser" type="String">
      <column name="INSERT_USER" not-null="true" length="100" sql-type="NVARCHAR(100)" />
    </property>
    <property name="UpdateUser" type="String">
      <column name="UPDATE_USER" not-null="true" length="100" sql-type="NVARCHAR(100)" />
    </property>
    <many-to-one name="FirmAccount" class="FirmAccount">
      <column name="ACCOUNT_ID" not-null="false" precision="19" scale="0" sql-type="BIGINT" />
    </many-to-one>
    <many-to-one name="PrTower" class="PropertyTower">
      <column name="PR_TOWER_ID" not-null="false" precision="19" scale="0" sql-type="BIGINT" />
    </many-to-one>
    <many-to-one name="PdcFrom" class="PdcBook">
      <column name="PDC_FROM" not-null="true" precision="19" scale="0" sql-type="BIGINT" />
    </many-to-one>
    <many-to-one name="PdcTo" class="PdcBook">
      <column name="PDC_TO" not-null="true" precision="19" scale="0" sql-type="BIGINT" />
    </many-to-one>
    <set name="PaymentTransactions" inverse="true" generic="true" cascade="all-delete-orphan">
      <key>
        <column name="PDC_ID" />
      </key>
      <one-to-many class="PaymentTransaction" />
    </set>
  </class>
</hibernate-mapping>
