﻿<?xml version="1.0" encoding="utf-8"?>
<hibernate-mapping assembly="ConstroSoft" namespace="ConstroSoft" xmlns="urn:nhibernate-mapping-2.2">
  <class name="PropertyTower" table="PROPERTY_TOWER" >
    <id name="Id" type="Int64">
      <column name="ID" not-null="true" precision="19" scale="0" sql-type="BIGINT" />
      <generator class="identity" />
    </id>
    <version name="Version" column="VERSION" type="Int64"/>
    <property name="Name" type="String">
      <column name="NAME" not-null="true" length="100" sql-type="NVARCHAR(100)" />
    </property>
    <property name="Rate" type="Decimal">
      <column name="RATE" not-null="false" precision="10" scale="2" sql-type="NUMERIC(10,2)" />
    </property>
    <property name="LaunchDate" type="DateTime">
      <column name="LAUNCH_DATE" not-null="false" sql-type="DATE" />
    </property>
    <property name="Possession" type="DateTime">
      <column name="POSSESSION" not-null="false" sql-type="DATE" />
    </property>
    <property name="Description" type="String">
      <column name="DESCRIPTION" not-null="false" length="255" sql-type="NVARCHAR(255)" />
    </property>
    <property name="FirmNumber" type="String">
      <column name="FIRM_NUMBER" not-null="true" length="10" sql-type="NVARCHAR(10)" />
    </property>
    <property name="InsertDate" type="DateTime">
      <column name="INSERT_DATE" default="getdate()" not-null="true" sql-type="DATETIME" />
    </property>
    <property name="UpdateDate" type="DateTime">
      <column name="UPDATE_DATE" default="getdate()" not-null="true" sql-type="DATETIME" />
    </property>
    <property name="InsertUser" type="String">
      <column name="INSERT_USER" not-null="true" length="100" sql-type="NVARCHAR(100)" />
    </property>
    <property name="UpdateUser" type="String">
      <column name="UPDATE_USER" not-null="true" length="100" sql-type="NVARCHAR(100)" />
    </property>
    <many-to-one name="Property" class="Property">
      <column name="PROPERTY_ID" not-null="true" precision="19" scale="0" sql-type="BIGINT" />
    </many-to-one>
    <set name="PropertyParkings" inverse="true" generic="true">
      <key>
        <column name="PR_TOWER_ID" />
      </key>
      <one-to-many class="PropertyParking" />
    </set>
    <set name="PropertySchedules" inverse="true" generic="true">
      <key>
        <column name="PR_TOWER_ID" />
      </key>
      <one-to-many class="PropertySchedule" />
    </set>
    <set name="PropertyUnits" inverse="true" generic="true">
      <key>
        <column name="PR_TOWER_ID" />
      </key>
      <one-to-many class="PropertyUnit" />
    </set>
  </class>
</hibernate-mapping>
