﻿<?xml version="1.0" encoding="utf-8"?>
<hibernate-mapping assembly="ConstroSoft" namespace="ConstroSoft" xmlns="urn:nhibernate-mapping-2.2">
  <class name="FirmAcntDeposite" table="FIRM_ACNT_DEPOSITES" >
    <id name="Id" type="Int64">
      <column name="ID" not-null="true" precision="19" scale="0" sql-type="BIGINT" />
      <generator class="identity" />
    </id>
    <version name="Version" column="VERSION" type="Int64"/>
    <property name="DepositeDate" type="DateTime">
      <column name="DEPOSITE_DATE" not-null="true" sql-type="DATE" />
    </property>
    <property name="Amount" type="Decimal">
      <column name="AMOUNT" not-null="false" precision="18" scale="2" sql-type="NUMERIC(18,2)" />
    </property>
    <property name="PymtMode" type="String">
      <column name="PYMT_MODE" not-null="false" length="10" sql-type="NVARCHAR(10)" />
    </property>
    <property name="BankName" type="String">
      <column name="BANK_NAME" not-null="false" length="100" sql-type="NVARCHAR(100)" />
    </property>
    <property name="Branch" type="String">
      <column name="BRANCH" not-null="false" length="100" sql-type="NVARCHAR(100)" />
    </property>
    <property name="ChequeNo" type="String">
      <column name="CHEQUE_NO" not-null="false" length="50" sql-type="NVARCHAR(50)" />
    </property>
    <property name="ChequeDate" type="DateTime">
      <column name="CHEQUE_DATE" not-null="false" sql-type="DATE" />
    </property>
    <property name="Description" type="String">
      <column name="DESCRIPTION" not-null="false" length="255" sql-type="NVARCHAR(255)" />
    </property>
    <property name="Status" type="AcntDepositStatusStringType">
      <column name="STATUS" not-null="false" length="1" sql-type="NVARCHAR(1)" />
    </property>
    <property name="FirmNumber" type="String">
      <column name="FIRM_NUMBER" not-null="true" length="10" sql-type="NVARCHAR(10)" />
    </property>
    <property name="InsertDate" type="DateTime">
      <column name="INSERT_DATE" default="getdate()" not-null="true" sql-type="DATETIME" />
    </property>
    <property name="UpdateDate" type="DateTime">
      <column name="UPDATE_DATE" default="getdate()" not-null="true" sql-type="DATETIME" />
    </property>
    <property name="InsertUser" type="String">
      <column name="INSERT_USER" not-null="true" length="100" sql-type="NVARCHAR(100)" />
    </property>
    <property name="UpdateUser" type="String">
      <column name="UPDATE_USER" not-null="true" length="100" sql-type="NVARCHAR(100)" />
    </property>
    <many-to-one name="FirmAccount" class="FirmAccount">
      <column name="ACCOUNT_ID" not-null="true" precision="19" scale="0" sql-type="BIGINT" />
    </many-to-one>
    <many-to-one name="AccountTransaction" class="AccountTransaction" cascade="save-update">
      <column name="ACNT_TRANSACTION" not-null="true" precision="19" scale="0" sql-type="BIGINT" />
    </many-to-one>
  </class>
</hibernate-mapping>
