﻿<?xml version="1.0" encoding="utf-8"?>
<hibernate-mapping assembly="ConstroSoft" namespace="ConstroSoft" xmlns="urn:nhibernate-mapping-2.2">
  <class name="PaymentVoucher" table="PAYMENT_VOUCHER" >
    <id name="Id" type="Int64">
      <column name="ID" not-null="true" precision="19" scale="0" sql-type="BIGINT" />
      <generator class="identity" />
    </id>
    <version name="Version" column="VERSION" type="Int64"/>
    <property name="VoucherType" type="String">
      <column name="VOUCHERTYPE" not-null="true" length="10" sql-type="NVARCHAR(10)" />
    </property>
    <property name="Action" type="String">
      <column name="ACTION" not-null="true" length="10" sql-type="NVARCHAR(10)" />
    </property>
    <property name="VoucherDate" type="DateTime">
      <column name="VOUCHERDATE" not-null="true" sql-type="DATE" />
    </property>
    <property name="VoucherNaration" type="String">
      <column name="VOUCHERNARATION" not-null="true" length="100" sql-type="NVARCHAR(100)" />
    </property>
    <property name="VoucherNumber" type="String">
      <column name="VOUCHERNUMBER" not-null="false" length="100" sql-type="NVARCHAR(100)" />
    </property>
    <property name="PartyLedgerName" type="String">
      <column name="PARTYLEDGERNAME" not-null="true" length="100" sql-type="NVARCHAR(100)" />
    </property>
    <property name="VoucherEffectiveDate" type="DateTime">
      <column name="VOUCHEREFFECTIVEDATE" not-null="true" sql-type="DATE" />
    </property>
     <property name="CstFromIssueType" type="String">
      <column name="CSTFORMISSUETYPE" not-null="false" length="10" sql-type="NVARCHAR(10)" />
    </property>
    <property name="CstFromRecvType" type="String">
      <column name="CSTFORMRECVTYPE" not-null="false" length="10" sql-type="NVARCHAR(10)" />
    </property>
    <property name="FbtPaymentType" type="String">
      <column name="FBTPAYMENTTYPE" not-null="false" length="10" sql-type="NVARCHAR(10)" />
    </property>
    <property name="PersistedView" type="String">
      <column name="PERSISTEDVIEW" not-null="false" length="10" sql-type="NVARCHAR(10)" />
    </property>
    <property name="VchgstClass" type="String">
      <column name="VCHGSTCLASS" not-null="false" length="10" sql-type="NVARCHAR(10)" />
    </property>
    <property name="HasCashFlow" type="String">
      <column name="HASCASHFLOW" not-null="false" length="3" sql-type="NVARCHAR(3)" />
    </property>
    <one-to-one name="PaymentTransaction" property-ref="PaymentVoucher"/>
    <property name="FirmNumber" type="String">
      <column name="FIRM_NUMBER" not-null="true" length="10" sql-type="NVARCHAR(10)" />
    </property>
    <property name="InsertDate" type="DateTime">
      <column name="INSERT_DATE" default="getdate()" not-null="true" sql-type="DATETIME" />
    </property>
    <property name="UpdateDate" type="DateTime">
      <column name="UPDATE_DATE" default="getdate()" not-null="true" sql-type="DATETIME" />
    </property>
    <property name="InsertUser" type="String">
      <column name="INSERT_USER" not-null="true" length="100" sql-type="NVARCHAR(100)" />
    </property>
    <property name="UpdateUser" type="String">
      <column name="UPDATE_USER" not-null="true" length="100" sql-type="NVARCHAR(100)" />
    </property>
    <property name="PostingStatus" type="String">
      <column name="POSTINGSTATUS" not-null="true" length="10" sql-type="NVARCHAR(10)" />
    </property>
    <set name="PaymentLedgers" inverse="true" generic="true" cascade="all">
      <key>
        <column name="PYMT_VOUCHER_ID" />
      </key>
      <one-to-many class="PaymentLedger" />
    </set>
   </class>
</hibernate-mapping>
