﻿<?xml version="1.0" encoding="utf-8"?>
<hibernate-mapping assembly="ConstroSoft" namespace="ConstroSoft" xmlns="urn:nhibernate-mapping-2.2">
  <class name="PropertyFMAccess" table="PROPERTY_FM_ACCESS" >
    <composite-id>
      <key-many-to-one class="Property" name="Property" column="PROPERTY_ID" />
      <key-many-to-one class="FirmMember" name="FirmMember" column="FIRM_MEMBER_ID" />
    </composite-id>
    <property name="HasAccess" type="PrFMAccessStringType">
      <column name="HAS_ACCESS" not-null="true" length="1" sql-type="NVARCHAR(1)" />
    </property>
  </class>
</hibernate-mapping>
