﻿<?xml version="1.0" encoding="utf-8"?>
<hibernate-mapping assembly="ConstroSoft" namespace="ConstroSoft" xmlns="urn:nhibernate-mapping-2.2">
  <class name="EmailSmsStore" table="EMAIL_SMS_STORE" >
    <id name="Id" type="Int64">
      <column name="ID" not-null="true" precision="19" scale="0" sql-type="BIGINT" />
      <generator class="identity" />
    </id>
    <version name="Version" column="VERSION" type="Int64"/>    
    <property name="RefNo" type="string">
      <column name="REF_NO" not-null="true" length="20" sql-type="NVARCHAR(20)" />
    </property>
    <property name="Name" type="string">
      <column name="NAME" not-null="true" length="255" sql-type="NVARCHAR(255)" />
    </property>
    <property name="RecordType" type="EmailSmsTypeStringType">
      <column name="RECORD_TYPE" not-null="true" length="1" sql-type="NVARCHAR(1)" />
    </property>
    <property name="Subject" type="String">
      <column name="SUBJECT" not-null="false" length="255" sql-type="NVARCHAR(255)" />
    </property>
    <property name="SmsContent" type="String">
      <column name="SMS_CONTENT" not-null="false" length="500" sql-type="NVARCHAR(500)" />
    </property>
    <property name="EmailContent" type="BinaryBlob">
      <column name="EMAIL_CONTENT" not-null="false" sql-type="VARBINARY(MAX)" />
    </property>
    <property name="Status" type="EmailSmsStoreStatusStringType">
      <column name="STATUS" not-null="true" length="1" sql-type="NVARCHAR(1)" />
    </property>
    <property name="FirmNumber" type="String">
      <column name="FIRM_NUMBER" not-null="true" length="10" sql-type="NVARCHAR(10)" />
    </property>
    <property name="InsertDate" type="DateTime">
      <column name="INSERT_DATE" default="getdate()" not-null="true" sql-type="DATETIME" />
    </property>
    <property name="UpdateDate" type="DateTime">
      <column name="UPDATE_DATE" default="getdate()" not-null="true" sql-type="DATETIME" />
    </property>
    <property name="InsertUser" type="String">
      <column name="INSERT_USER" not-null="true" length="100" sql-type="NVARCHAR(100)" />
    </property>
    <property name="UpdateUser" type="String">
      <column name="UPDATE_USER" not-null="true" length="100" sql-type="NVARCHAR(100)" />
    </property>
    <set name="Attachments" inverse="true" generic="true" cascade="all-delete-orphan">
      <key>
        <column name="STORE_ID" />
      </key>
      <one-to-many class="EmailSmsStoreAttachment" />
    </set>
  </class>
</hibernate-mapping>
