﻿<?xml version="1.0" encoding="utf-8"?>
<hibernate-mapping assembly="ConstroSoft" namespace="ConstroSoft" xmlns="urn:nhibernate-mapping-2.2">
  <class name="EmailSmsCampaign" table="EMAIL_SMS_CAMPAIGN" >
    <id name="Id" type="Int64">
      <column name="ID" not-null="true" precision="19" scale="0" sql-type="BIGINT" />
      <generator class="identity" />
    </id>
    <version name="Version" column="VERSION" type="Int64"/>    
    <property name="RefNo" type="string">
      <column name="REF_NO" not-null="true" length="20" sql-type="NVARCHAR(20)" />
    </property>
    <property name="Name" type="string">
      <column name="NAME" not-null="true" length="255" sql-type="NVARCHAR(255)" />
    </property>
    <property name="RecordType" type="EmailSmsTypeStringType">
      <column name="RECORD_TYPE" not-null="true" length="1" sql-type="NVARCHAR(1)" />
    </property>
    <property name="Subject" type="String">
      <column name="SUBJECT" not-null="true" length="255" sql-type="NVARCHAR(255)" />
    </property>
    <property name="SmsContent" type="String">
      <column name="SMS_CONTENT" not-null="false" length="500" sql-type="NVARCHAR(500)" />
    </property>
    <property name="EmailContent" type="BinaryBlob">
      <column name="EMAIL_CONTENT" not-null="false" sql-type="VARBINARY(MAX)" />
    </property>
    <property name="ScheduledDate" type="DateTime">
      <column name="SCHEDULED_DATE" not-null="false" sql-type="DATETIME" />
    </property>
    <property name="Stage" type="EmailSmsCampaignStageStringType">
      <column name="STAGE" not-null="true" length="1" sql-type="NVARCHAR(1)" />
    </property>
    <property name="Status" type="EmailSmsCampaignStatusStringType">
      <column name="CAMPAIGN_EXE_STATUS" not-null="true" length="1" sql-type="NVARCHAR(1)" />
    </property>
    <property name="StartTime" type="DateTime">
      <column name="START_TIME" not-null="false" sql-type="DATETIME" />
    </property>
    <property name="EndTime" type="DateTime">
      <column name="END_TIME" not-null="false" sql-type="DATETIME" />
    </property>
    <property name="Message" type="String">
      <column name="MESSAGE" not-null="true" length="512" sql-type="NVARCHAR(512)" />
    </property>
    <property name="FirmNumber" type="String">
      <column name="FIRM_NUMBER" not-null="true" length="10" sql-type="NVARCHAR(10)" />
    </property>
    <property name="InsertDate" type="DateTime">
      <column name="INSERT_DATE" default="getdate()" not-null="true" sql-type="DATETIME" />
    </property>
    <property name="UpdateDate" type="DateTime">
      <column name="UPDATE_DATE" default="getdate()" not-null="true" sql-type="DATETIME" />
    </property>
    <property name="InsertUser" type="String">
      <column name="INSERT_USER" not-null="true" length="100" sql-type="NVARCHAR(100)" />
    </property>
    <property name="UpdateUser" type="String">
      <column name="UPDATE_USER" not-null="true" length="100" sql-type="NVARCHAR(100)" />
    </property>
    <many-to-one name="EmailConfig" class="EmailConfig">
      <column name="EMAIL_CONFIG_ID" not-null="false" precision="19" scale="0" sql-type="BIGINT" />
    </many-to-one>
    <many-to-one name="SmsConfig" class="SmsConfig">
      <column name="SMS_CONFIG_ID" not-null="false" precision="19" scale="0" sql-type="BIGINT" />
    </many-to-one>
    <set name="Attachments" inverse="true" generic="true" cascade="all-delete-orphan">
      <key>
        <column name="CAMPAIGN_ID" />
      </key>
      <one-to-many class="EmailSmsCampaignAttachment" />
    </set>
    <set name="Recipients" inverse="true" generic="true" cascade="all-delete-orphan">
      <key>
        <column name="CAMPAIGN_ID" />
      </key>
      <one-to-many class="EmailSmsCampaignRecipient" />
    </set>
  </class>
</hibernate-mapping>
