﻿<?xml version="1.0" encoding="utf-8"?>
<hibernate-mapping assembly="ConstroSoft" namespace="ConstroSoft" xmlns="urn:nhibernate-mapping-2.2">
  <class name="Exotel" table="EXOTEL" >
    <id name="Id" type="Int64">
      <column name="ID" not-null="true" precision="19" scale="0" sql-type="BIGINT" />
      <generator class="identity" />
    </id>
    <version name="Version" column="VERSION" type="Int64"/>
    <property name="Sid" type="String">
      <column name="SID" not-null="true" length="100" sql-type="NVARCHAR(100)" />
    </property>
    <property name="Token" type="String">
      <column name="TOKEN" not-null="false" length="255" sql-type="NVARCHAR(255)" />
    </property>
    <property name="OutCallBackURL" type="String">
      <column name="OUTCALLBACK_URL" not-null="false" length="512" sql-type="NVARCHAR(512)" />
    </property>
    <property name="OutCallURL" type="String">
      <column name="OUTCALL_URL" not-null="false" length="512" sql-type="NVARCHAR(512)" />
    </property>
    <property name="CallType" type="String">
      <column name="CALLTYPE" not-null="false" length="50" sql-type="NVARCHAR(50)" />
    </property>
    <property name="CallDetailsURL" type="String">
      <column name="CALLDETAILS_URL" not-null="false" length="512" sql-type="NVARCHAR(512)" />
    </property>
    <property name="IsEnabled" type="IsEnabledStringType">
      <column name="IS_ENABLED" not-null="true" length="1" sql-type="NVARCHAR(1)" />
    </property>
    <property name="InsertDate" type="DateTime">
      <column name="INSERT_DATE" default="getdate()" not-null="true" sql-type="DATETIME" />
    </property>
    <property name="UpdateDate" type="DateTime">
      <column name="UPDATE_DATE" default="getdate()" not-null="true" sql-type="DATETIME" />
    </property>
    <property name="InsertUser" type="String">
      <column name="INSERT_USER" not-null="true" length="100" sql-type="NVARCHAR(100)" />
    </property>
    <property name="UpdateUser" type="String">
      <column name="UPDATE_USER" not-null="true" length="100" sql-type="NVARCHAR(100)" />
    </property>
    <many-to-one name="Firm" class="Firm">
      <column name="FIRM_ID" not-null="true" precision="19" scale="0" sql-type="BIGINT" />
    </many-to-one>
  </class>
</hibernate-mapping>
