﻿<?xml version="1.0" encoding="utf-8"?>
<hibernate-mapping assembly="ConstroSoft" namespace="ConstroSoft" xmlns="urn:nhibernate-mapping-2.2">
  <class name="ReportTemplateMaster" table="REPORT_TEMPLATE_MASTER" >
    <id name="Id" type="Int64">
      <column name="ID" not-null="true" precision="19" scale="0" sql-type="BIGINT" />
      <generator class="identity" />
    </id>
    <version name="Version" column="VERSION" type="Int64"/>
    <property name="TemplateType" type="ReportTemplateTypeStringType">
      <column name="TEMPLATE_TYPE" not-null="true" length="30" sql-type="NVARCHAR(30)" />
    </property>
    <property name="Name" type="String">
      <column name="NAME" not-null="true" length="255" sql-type="NVARCHAR(255)" />
    </property>
    <property name="Path" type="String">
      <column name="PATH" not-null="true" length="255" sql-type="NVARCHAR(255)" />
    </property>
    <property name="Decription" type="String">
      <column name="DESCRIPTION" not-null="true" length="512" sql-type="512" />
    </property>
    <property name="IsCustomReport" type="IsCustomReportStringType">
      <column name="CUSTOM_REPORT" not-null="true" length="1" sql-type="NVARCHAR(1)" />
    </property>
    <property name="FirmNumber" type="String">
      <column name="FIRM_NUMBER" not-null="true" length="10" sql-type="NVARCHAR(10)" />
    </property>
    <property name="InsertDate" type="DateTime">
      <column name="INSERT_DATE" default="getdate()" not-null="true" sql-type="DATETIME" />
    </property>
    <property name="UpdateDate" type="DateTime">
      <column name="UPDATE_DATE" default="getdate()" not-null="true" sql-type="DATETIME" />
    </property>
    <property name="InsertUser" type="String">
      <column name="INSERT_USER" not-null="true" length="100" sql-type="NVARCHAR(100)" />
    </property>
    <property name="UpdateUser" type="String">
      <column name="UPDATE_USER" not-null="true" length="100" sql-type="NVARCHAR(100)" />
    </property>
    <set name="Properties" table="PROPERTY_REPORT_TEMPLATE" inverse="true" generic="true">
      <key not-null="true">
        <column name="REPORT_TEMPLATE_ID" />
      </key>
      <many-to-many class="Property" fetch="join">
        <column name="PROPERTY_ID" />
      </many-to-many>
    </set>
  </class>
</hibernate-mapping>
