﻿<?xml version="1.0" encoding="utf-8"?>
<hibernate-mapping assembly="ConstroSoft" namespace="ConstroSoft" xmlns="urn:nhibernate-mapping-2.2">
  <class name="StockDetail" table="STOCK_DETAILS" >
    <id name="Id" type="Int64">
      <column name="ID" not-null="true" precision="19" scale="0" sql-type="BIGINT" />
      <generator class="identity" />
    </id>
    <version name="Version" column="VERSION" type="Int64"/>
    <property name="Date" type="DateTime">
      <column name="DATE" not-null="false" sql-type="DATE" />
    </property>
    <property name="Quantity" type="Decimal">
      <column name="QUANTITY" not-null="false" precision="10" scale="2" sql-type="NUMERIC(10,2)" />
    </property>
    <property name="InvoiceNo" type="String">
      <column name="INVOICE_NO" not-null="false" length="100" sql-type="NVARCHAR(100)" />
    </property>
    <property name="Status" type="String">
      <column name="STATUS" not-null="false" length="1" sql-type="NVARCHAR(1)" />
    </property>
    <property name="FirmNumber" type="String">
      <column name="FIRM_NUMBER" not-null="true" length="10" sql-type="NVARCHAR(10)" />
    </property>
    <property name="InsertDate" type="DateTime">
      <column name="INSERT_DATE" default="getdate()" not-null="true" sql-type="DATETIME" />
    </property>
    <property name="UpdateDate" type="DateTime">
      <column name="UPDATE_DATE" default="getdate()" not-null="true" sql-type="DATETIME" />
    </property>
    <property name="InsertUser" type="String">
      <column name="INSERT_USER" not-null="true" length="100" sql-type="NVARCHAR(100)" />
    </property>
    <property name="UpdateUser" type="String">
      <column name="UPDATE_USER" not-null="true" length="100" sql-type="NVARCHAR(100)" />
    </property>
    <many-to-one name="StockMaster" class="StockMaster">
      <column name="MASTER_ID" not-null="true" precision="19" scale="0" sql-type="BIGINT" />
    </many-to-one>
  </class>
</hibernate-mapping>
